index,운송장_건수
0,5.88
1,7.6
2,3.72
3,5.56
4,4.38
5,7.72
6,8.55
7,6.59
8,4.26
9,8.55
10,5.59
11,16.57
12,10.29
13,7.18
14,3.99
15,6.57
16,5.73
17,5.63
18,15.36
19,7.25
20,6.58
21,6.3
22,5.62
23,4.09
24,5.84
25,4.14
26,5.1
27,11.12
28,13.91
29,5.32
30,7.27
31,10.81
32,10.69
33,5.68
34,4.42
35,3.45
36,9.2
37,5.57
38,4.73
39,8.12
40,4.12
41,6.21
42,4.6
43,11.91
44,8.82
45,8.12
46,4.26
47,6.86
48,16.05
49,13.76
50,7.31
51,7.85
52,7.02
53,4.1
54,6.51
55,8.34
56,7.88
57,11.86
58,9.69
59,9.15
60,10.23
61,4.43
62,7.59
63,4.32
64,6.6
65,4.32
66,8.34
67,7.72
68,10.12
69,5.82
70,4.66
71,8.14
72,7.16
73,7.82
74,4.21
75,7.77
76,5.76
77,4.27
78,4.11
79,9.47
80,8.43
81,3.38
82,6.49
83,5.0
84,4.35
85,6.93
86,6.01
87,5.46
88,6.64
89,4.96
90,7.44
91,5.31
92,5.34
93,4.87
94,6.6
95,5.08
96,8.11
97,10.17
98,6.03
99,5.6
100,6.13
101,4.88
102,5.02
103,4.71
104,4.71
105,6.24
106,18.76
107,5.09
108,5.0
109,8.48
110,5.95
111,6.11
112,8.2
113,31.74
114,6.45
115,7.37
116,8.75
117,4.09
118,7.31
119,10.31
120,7.09
121,5.17
122,5.76
123,9.77
124,6.53
125,4.4
126,5.82
127,3.64
128,5.82
129,4.68
130,5.23
131,6.65
132,7.52
133,3.87
134,6.88
135,5.47
136,3.73
137,4.46
138,9.59
139,4.56
140,4.59
141,3.53
142,4.59
143,5.61
144,4.96
145,5.72
146,6.71
147,11.69
148,3.32
149,9.28
150,4.97
151,4.84
152,3.32
153,4.19
154,13.17
155,4.72
156,4.56
157,6.76
158,5.03
159,3.96
160,3.46
161,3.54
162,5.66
163,7.0
164,4.54
165,5.62
166,5.89
167,5.2
168,6.25
169,4.8
170,5.07
171,5.92
172,4.22
173,5.71
174,5.56
175,5.06
176,3.84
177,10.26
178,4.95
179,8.13
180,3.9
181,3.73
182,6.0
183,5.77
184,7.39
185,5.15
186,5.09
187,5.4
188,3.9
189,4.37
190,4.9
191,6.49
192,4.26
193,5.12
194,4.14
195,13.17
196,4.79
197,5.8
198,13.35
199,4.69
200,3.98
201,3.85
202,9.89
203,5.34
204,3.5
205,10.36
206,4.41
207,4.8
208,3.7
209,9.35
210,4.24
211,5.27
212,5.13
213,3.61
214,9.62
215,4.35
216,7.38
217,4.11
218,4.21
219,4.76
220,5.71
221,5.06
222,4.26
223,6.3
224,5.37
225,4.66
226,3.91
227,6.17
228,3.57
229,6.78
230,3.96
231,3.82
232,4.93
233,5.09
234,3.7
235,4.95
236,3.91
237,4.11
238,5.38
239,4.58
240,6.06
241,7.3
242,3.94
243,4.95
244,3.39
245,6.42
246,4.2
247,4.17
248,4.46
249,3.76
250,8.07
251,8.0
252,5.15
253,4.37
254,7.23
255,4.13
256,5.33
257,4.68
258,6.04
259,8.07
260,5.28
261,4.98
262,5.26
263,3.2
264,4.95
265,6.18
266,4.82
267,4.15
268,4.46
269,5.14
270,4.34
271,3.79
272,4.81
273,6.29
274,4.41
275,5.53
276,4.4
277,6.56
278,4.9
279,3.97
280,3.94
281,5.3
282,14.4
283,4.06
284,4.12
285,6.74
286,6.56
287,4.58
288,5.63
289,6.67
290,4.24
291,8.39
292,4.96
293,4.14
294,3.46
295,8.98
296,5.24
297,4.38
298,4.5
299,3.92
300,4.75
301,4.22
302,8.33
303,4.16
304,4.47
305,5.74
306,3.63
307,3.89
308,4.09
309,5.75
310,7.36
311,4.79
312,6.38
313,5.01
314,3.97
315,5.68
316,5.81
317,19.2
318,5.14
319,19.04
320,6.54
321,4.7
322,6.82
323,9.88
324,9.64
325,4.6
326,3.79
327,5.63
328,4.33
329,6.31
330,4.84
331,4.58
332,6.15
333,6.83
334,10.75
335,4.52
336,4.85
337,5.41
338,5.62
339,4.04
340,3.89
341,5.51
342,3.81
343,4.18
344,4.08
345,5.23
346,4.79
347,8.95
348,5.6
349,9.2
350,3.94
351,7.02
352,4.36
353,21.13
354,3.7
355,3.99
356,4.9
357,4.68
358,3.99
359,5.56
360,5.75
361,4.91
362,7.7
363,3.6
364,5.76
365,3.58
366,3.75
367,6.96
368,6.73
369,5.59
370,5.68
371,5.81
372,3.6
373,6.45
374,7.34
375,3.89
376,4.22
377,5.75
378,4.98
379,5.35
380,4.84
381,5.17
382,24.66
383,6.37
384,4.4
385,6.87
386,5.4
387,4.7
388,4.54
389,7.18
390,5.08
391,4.75
392,4.63
393,5.3
394,4.53
395,5.07
396,6.35
397,4.3
398,4.62
399,5.16
400,3.84
401,4.25
402,8.05
403,4.45
404,3.85
405,4.13
406,3.58
407,4.89
408,4.62
409,6.97
410,6.13
411,6.22
412,4.18
413,4.34
414,6.84
415,4.24
416,6.06
417,5.08
418,6.0
419,3.68
420,8.84
421,5.6
422,8.26
423,4.42
424,5.62
425,3.6
426,3.46
427,4.81
428,4.65
429,4.31
430,9.02
431,4.55
432,3.26
433,5.45
434,5.25
435,8.5
436,4.16
437,3.77
438,5.8
439,4.12
440,4.51
441,5.43
442,3.84
443,7.45
444,3.89
445,3.5
446,7.67
447,4.18
448,15.52
449,4.71
450,6.54
451,5.21
452,5.36
453,4.42
454,3.99
455,7.07
456,6.67
457,22.67
458,4.72
459,10.0
460,4.24
461,11.6
462,4.77
463,3.28
464,3.77
465,5.47
466,5.9
467,7.93
468,5.52
469,7.22
470,7.06
471,8.16
472,3.34
473,5.33
474,5.61
475,6.02
476,3.64
477,4.93
478,15.93
479,3.39
480,4.23
481,4.58
482,4.27
483,8.07
484,6.07
485,3.29
486,6.98
487,4.72
488,5.31
489,4.23
490,5.26
491,3.87
492,3.86
493,3.8
494,4.51
495,4.76
496,4.18
497,4.53
498,4.39
499,5.77
500,5.43
501,10.49
502,4.53
503,4.88
504,4.68
505,7.96
506,4.13
507,4.28
508,4.77
509,4.14
510,3.11
511,8.71
512,5.04
513,4.36
514,4.63
515,4.37
516,5.33
517,12.45
518,5.29
519,4.78
520,13.04
521,6.18
522,5.9
523,4.9
524,5.6
525,4.13
526,4.06
527,11.18
528,4.26
529,4.99
530,5.94
531,4.65
532,3.65
533,5.45
534,4.26
535,5.07
536,6.54
537,4.36
538,3.81
539,8.24
540,4.62
541,4.25
542,6.14
543,6.28
544,3.71
545,3.83
546,9.65
547,4.27
548,3.71
549,5.85
550,7.45
551,4.61
552,6.65
553,6.13
554,4.84
555,5.46
556,9.01
557,3.97
558,4.75
559,7.1
560,5.29
561,7.11
562,3.37
563,7.01
564,12.69
565,5.53
566,4.24
567,4.77
568,5.37
569,5.23
570,4.69
571,7.76
572,4.7
573,3.93
574,4.92
575,5.83
576,7.89
577,8.87
578,3.71
579,4.83
580,3.72
581,10.34
582,3.4
583,5.31
584,12.75
585,4.0
586,5.73
587,6.69
588,4.71
589,4.8
590,10.74
591,5.48
592,3.62
593,4.69
594,5.18
595,4.24
596,5.21
597,4.54
598,4.37
599,4.76
600,3.88
601,6.94
602,6.78
603,6.3
604,5.24
605,4.39
606,4.39
607,5.18
608,3.63
609,5.76
610,4.66
611,4.32
612,6.41
613,5.91
614,4.76
615,8.09
616,6.49
617,5.92
618,3.37
619,4.64
620,9.62
621,7.11
622,4.71
623,4.43
624,7.04
625,5.66
626,4.4
627,5.93
628,5.31
629,4.75
630,5.4
631,3.74
632,5.82
633,3.91
634,7.35
635,5.12
636,4.89
637,4.52
638,7.63
639,5.17
640,9.06
641,4.92
642,16.51
643,7.49
644,8.32
645,12.12
646,3.7
647,5.03
648,4.53
649,4.88
650,8.7
651,5.05
652,6.32
653,6.34
654,5.87
655,4.58
656,3.95
657,3.53
658,4.18
659,5.55
660,3.16
661,4.45
662,4.78
663,12.48
664,9.4
665,3.89
666,5.01
667,5.04
668,4.92
669,10.89
670,6.79
671,7.12
672,4.16
673,6.25
674,4.93
675,5.43
676,4.55
677,5.27
678,5.53
679,4.94
680,4.46
681,3.61
682,6.91
683,7.18
684,6.88
685,4.66
686,5.52
687,4.23
688,4.61
689,4.04
690,5.73
691,4.12
692,6.33
693,4.39
694,3.93
695,4.77
696,9.51
697,8.6
698,8.7
699,3.57
700,3.94
701,4.23
702,6.35
703,4.08
704,5.06
705,4.49
706,4.45
707,7.75
708,6.96
709,5.48
710,3.52
711,5.5
712,4.6
713,4.86
714,3.92
715,5.19
716,5.33
717,4.7
718,5.38
719,7.98
720,4.21
721,4.34
722,4.47
723,4.55
724,4.99
725,4.95
726,3.9
727,5.01
728,6.21
729,6.13
730,4.0
731,5.8
732,3.53
733,6.61
734,5.03
735,7.59
736,6.31
737,8.53
738,4.51
739,4.24
740,4.99
741,3.45
742,5.53
743,3.57
744,3.62
745,4.11
746,5.22
747,5.21
748,5.51
749,4.91
750,8.27
751,4.74
752,6.11
753,9.34
754,7.14
755,4.89
756,3.47
757,7.74
758,3.71
759,5.66
760,9.21
761,3.38
762,5.23
763,4.54
764,3.78
765,6.84
766,6.22
767,7.44
768,5.62
769,4.86
770,4.06
771,16.45
772,7.05
773,5.06
774,7.24
775,4.58
776,5.47
777,6.21
778,6.3
779,18.61
780,8.55
781,3.57
782,8.07
783,4.51
784,4.85
785,12.65
786,6.25
787,4.05
788,3.99
789,6.31
790,4.3
791,4.66
792,10.67
793,7.51
794,8.57
795,4.04
796,6.68
797,8.32
798,4.31
799,4.42
800,3.51
801,7.34
802,4.66
803,6.32
804,8.04
805,5.09
806,6.09
807,5.6
808,4.47
809,3.82
810,5.6
811,8.28
812,3.93
813,4.21
814,5.28
815,5.62
816,11.07
817,5.52
818,3.81
819,4.05
820,6.21
821,12.21
822,4.31
823,3.89
824,3.45
825,8.81
826,4.93
827,4.32
828,4.0
829,5.6
830,4.68
831,4.07
832,5.06
833,7.5
834,4.21
835,8.56
836,4.67
837,4.05
838,4.73
839,4.41
840,6.23
841,6.12
842,5.43
843,12.62
844,4.47
845,12.2
846,5.79
847,5.08
848,5.29
849,5.59
850,6.29
851,5.11
852,8.61
853,9.51
854,8.15
855,19.51
856,4.05
857,3.91
858,4.8
859,5.19
860,3.83
861,4.32
862,8.31
863,4.37
864,10.13
865,4.96
866,6.18
867,4.1
868,4.19
869,7.37
870,4.84
871,6.16
872,7.42
873,4.34
874,4.84
875,3.76
876,3.17
877,7.55
878,5.46
879,5.11
880,3.6
881,3.49
882,4.67
883,3.79
884,7.16
885,5.05
886,4.42
887,4.06
888,4.01
889,4.77
890,4.41
891,7.54
892,4.48
893,4.84
894,4.15
895,5.74
896,4.48
897,4.46
898,5.82
899,4.97
900,11.5
901,4.32
902,5.77
903,4.87
904,6.16
905,4.71
906,3.75
907,5.17
908,5.18
909,5.65
910,5.78
911,6.14
912,4.19
913,7.84
914,5.37
915,6.18
916,7.9
917,4.4
918,4.7
919,9.01
920,5.06
921,6.17
922,6.76
923,4.0
924,3.86
925,7.01
926,3.64
927,9.17
928,4.08
929,12.22
930,6.15
931,4.44
932,10.78
933,5.17
934,6.31
935,5.76
936,4.16
937,4.78
938,6.74
939,7.41
940,5.53
941,3.56
942,4.69
943,4.84
944,5.38
945,3.48
946,4.66
947,3.75
948,3.5
949,7.56
950,3.9
951,15.31
952,7.7
953,28.2
954,15.6
955,5.03
956,4.02
957,5.56
958,9.17
959,4.28
960,12.0
961,5.3
962,3.32
963,3.92
964,4.37
965,3.69
966,7.6
967,6.43
968,3.6
969,3.27
970,5.43
971,3.68
972,4.77
973,6.73
974,5.3
975,4.92
976,5.45
977,4.95
978,11.13
979,5.19
980,5.99
981,7.72
982,4.1
983,8.73
984,6.4
985,3.85
986,3.62
987,9.96
988,3.9
989,3.4
990,5.59
991,6.28
992,5.17
993,5.99
994,4.94
995,6.77
996,7.84
997,7.06
998,3.44
999,4.22
1000,5.09
1001,4.71
1002,9.14
1003,4.13
1004,3.43
1005,4.54
1006,4.4
1007,5.07
1008,4.14
1009,5.12
1010,5.65
1011,7.52
1012,4.17
1013,6.5
1014,5.18
1015,5.6
1016,4.99
1017,4.45
1018,4.82
1019,7.53
1020,4.27
1021,4.29
1022,4.19
1023,5.03
1024,24.13
1025,7.69
1026,5.2
1027,5.1
1028,6.92
1029,5.5
1030,3.37
1031,10.75
1032,4.97
1033,5.17
1034,4.75
1035,5.03
1036,6.32
1037,5.32
1038,8.05
1039,3.98
1040,4.39
1041,4.7
1042,3.81
1043,5.01
1044,4.98
1045,3.66
1046,4.49
1047,7.04
1048,4.0
1049,6.65
1050,6.21
1051,5.69
1052,5.45
1053,6.73
1054,7.72
1055,4.9
1056,5.84
1057,3.84
1058,6.9
1059,5.12
1060,9.57
1061,4.25
1062,4.31
1063,5.35
1064,4.1
1065,4.47
1066,8.76
1067,4.89
1068,5.33
1069,5.23
1070,8.61
1071,5.67
1072,5.92
1073,6.39
1074,8.05
1075,5.29
1076,4.76
1077,5.3
1078,6.32
1079,4.59
1080,5.19
1081,23.08
1082,4.08
1083,5.41
1084,4.23
1085,5.57
1086,5.28
1087,7.24
1088,5.04
1089,5.54
1090,5.34
1091,5.23
1092,5.71
1093,4.87
1094,5.08
1095,3.25
1096,6.16
1097,4.01
1098,7.04
1099,4.53
1100,4.78
1101,5.14
1102,5.97
1103,4.98
1104,10.41
1105,5.56
1106,4.5
1107,5.12
1108,4.61
1109,4.71
1110,6.39
1111,3.53
1112,4.24
1113,4.34
1114,5.09
1115,4.22
1116,3.54
1117,4.79
1118,4.84
1119,8.08
1120,5.59
1121,4.17
1122,4.92
1123,4.58
1124,7.06
1125,4.08
1126,6.63
1127,4.35
1128,5.25
1129,6.24
1130,3.91
1131,4.87
1132,6.02
1133,6.22
1134,4.64
1135,14.51
1136,4.96
1137,4.22
1138,6.0
1139,4.85
1140,4.43
1141,5.76
1142,7.04
1143,4.14
1144,4.67
1145,3.77
1146,5.26
1147,4.7
1148,4.1
1149,3.4
1150,5.52
1151,6.27
1152,4.22
1153,5.58
1154,11.18
1155,4.55
1156,5.15
1157,4.99
1158,6.55
1159,5.29
1160,3.98
1161,3.71
1162,7.37
1163,4.24
1164,6.65
1165,3.73
1166,5.79
1167,5.14
1168,12.42
1169,4.63
1170,8.59
1171,5.4
1172,5.34
1173,4.46
1174,8.7
1175,3.89
1176,5.39
1177,4.28
1178,3.8
1179,4.28
1180,6.52
1181,3.45
1182,12.17
1183,5.64
1184,6.06
1185,8.2
1186,3.36
1187,4.65
1188,4.21
1189,4.58
1190,4.99
1191,3.81
1192,4.37
1193,5.7
1194,4.19
1195,11.22
1196,3.37
1197,6.08
1198,5.79
1199,8.76
1200,5.78
1201,6.99
1202,4.13
1203,7.6
1204,5.08
1205,4.7
1206,9.9
1207,3.88
1208,3.98
1209,6.74
1210,5.05
1211,5.67
1212,3.81
1213,6.24
1214,5.24
1215,4.44
1216,4.84
1217,4.51
1218,6.09
1219,4.61
1220,4.55
1221,4.31
1222,5.29
1223,4.63
1224,3.74
1225,3.54
1226,8.5
1227,8.09
1228,4.45
1229,5.24
1230,5.2
1231,5.45
1232,5.19
1233,4.7
1234,4.59
1235,5.45
1236,5.03
1237,3.98
1238,4.93
1239,4.57
1240,3.51
1241,7.37
1242,4.47
1243,4.66
1244,5.44
1245,4.45
1246,4.33
1247,5.12
1248,5.58
1249,3.9
1250,6.33
1251,11.64
1252,6.62
1253,4.62
1254,4.93
1255,4.48
1256,5.08
1257,3.38
1258,4.53
1259,8.16
1260,6.32
1261,7.01
1262,11.79
1263,4.43
1264,5.52
1265,5.72
1266,3.82
1267,5.09
1268,6.29
1269,3.97
1270,10.47
1271,3.52
1272,12.09
1273,5.71
1274,5.16
1275,7.17
1276,4.9
1277,4.94
1278,4.34
1279,3.22
1280,7.59
1281,4.29
1282,5.15
1283,3.67
1284,11.33
1285,3.5
1286,6.97
1287,4.45
1288,6.03
1289,6.79
1290,10.49
1291,7.4
1292,4.26
1293,11.86
1294,3.6
1295,6.69
1296,5.78
1297,6.6
1298,5.47
1299,4.95
1300,5.52
1301,4.05
1302,4.36
1303,4.6
1304,4.57
1305,4.59
1306,8.21
1307,7.74
1308,5.31
1309,11.2
1310,4.01
1311,8.49
1312,10.73
1313,3.7
1314,6.67
1315,4.93
1316,5.23
1317,4.71
1318,3.57
1319,6.1
1320,4.1
1321,3.13
1322,5.64
1323,14.05
1324,6.09
1325,5.11
1326,8.43
1327,3.6
1328,5.4
1329,4.48
1330,5.54
1331,11.54
1332,5.18
1333,4.15
1334,4.41
1335,5.57
1336,5.8
1337,5.36
1338,4.04
1339,6.32
1340,5.35
1341,3.36
1342,3.68
1343,4.49
1344,3.75
1345,3.9
1346,3.57
1347,5.99
1348,5.15
1349,11.7
1350,14.64
1351,4.66
1352,8.03
1353,3.36
1354,6.23
1355,13.09
1356,8.16
1357,4.87
1358,9.8
1359,3.63
1360,4.65
1361,4.42
1362,5.07
1363,4.21
1364,3.71
1365,4.33
1366,4.9
1367,5.81
1368,6.27
1369,5.12
1370,3.63
1371,8.55
1372,4.02
1373,4.48
1374,3.98
1375,6.4
1376,4.84
1377,5.24
1378,5.73
1379,6.45
1380,4.03
1381,7.83
1382,5.62
1383,4.2
1384,4.91
1385,4.68
1386,4.14
1387,4.56
1388,4.86
1389,6.16
1390,4.02
1391,3.91
1392,5.31
1393,5.06
1394,4.43
1395,4.18
1396,7.44
1397,5.76
1398,5.3
1399,3.34
1400,7.14
1401,8.19
1402,3.91
1403,6.29
1404,3.73
1405,7.29
1406,6.02
1407,3.87
1408,9.38
1409,4.62
1410,5.12
1411,3.52
1412,4.96
1413,7.9
1414,4.25
1415,3.75
1416,4.25
1417,8.12
1418,5.14
1419,4.44
1420,3.58
1421,5.82
1422,4.3
1423,4.9
1424,4.63
1425,5.16
1426,3.99
1427,3.6
1428,5.29
1429,4.59
1430,3.91
1431,4.89
1432,7.44
1433,4.9
1434,5.02
1435,5.75
1436,3.73
1437,5.56
1438,3.7
1439,4.34
1440,4.65
1441,5.77
1442,3.96
1443,5.43
1444,6.36
1445,5.04
1446,4.59
1447,12.51
1448,5.12
1449,9.01
1450,14.3
1451,7.78
1452,24.43
1453,3.95
1454,5.0
1455,8.65
1456,7.31
1457,4.44
1458,4.18
1459,11.86
1460,5.32
1461,11.42
1462,4.41
1463,4.29
1464,21.93
1465,6.38
1466,3.5
1467,4.91
1468,3.78
1469,5.06
1470,4.17
1471,4.52
1472,4.62
1473,6.79
1474,4.45
1475,4.55
1476,4.52
1477,6.27
1478,4.76
1479,4.32
1480,5.42
1481,5.88
1482,4.01
1483,4.87
1484,5.62
1485,6.18
1486,7.58
1487,11.89
1488,3.3
1489,3.09
1490,3.57
1491,4.41
1492,4.41
1493,6.96
1494,6.14
1495,4.27
1496,8.26
1497,4.95
1498,5.16
1499,3.68
1500,5.14
1501,6.76
1502,4.42
1503,3.96
1504,4.35
1505,6.98
1506,7.2
1507,5.06
1508,4.45
1509,4.98
1510,8.9
1511,7.79
1512,4.27
1513,4.17
1514,5.4
1515,7.03
1516,5.33
1517,4.4
1518,8.09
1519,7.81
1520,3.65
1521,4.83
1522,6.26
1523,7.16
1524,3.97
1525,7.55
1526,4.09
1527,6.63
1528,4.49
1529,5.88
1530,4.78
1531,4.1
1532,10.35
1533,4.37
1534,5.49
1535,4.44
1536,8.43
1537,5.04
1538,7.08
1539,3.88
1540,4.37
1541,4.63
1542,6.34
1543,4.5
1544,5.37
1545,5.22
1546,5.83
1547,4.87
1548,4.49
1549,5.05
1550,4.36
1551,4.58
1552,3.43
1553,6.26
1554,3.88
1555,4.03
1556,6.04
1557,3.42
1558,5.56
1559,4.6
1560,4.9
1561,4.81
1562,5.38
1563,5.93
1564,4.94
1565,20.71
1566,5.35
1567,4.94
1568,5.02
1569,5.27
1570,4.34
1571,5.65
1572,4.28
1573,3.88
1574,12.35
1575,3.97
1576,4.68
1577,5.17
1578,4.96
1579,5.12
1580,5.65
1581,3.91
1582,14.38
1583,5.28
1584,6.92
1585,5.54
1586,5.59
1587,9.3
1588,4.44
1589,4.91
1590,6.32
1591,5.11
1592,6.98
1593,5.96
1594,7.84
1595,4.54
1596,4.32
1597,3.89
1598,5.15
1599,6.62
1600,3.5
1601,5.16
1602,4.51
1603,4.05
1604,5.26
1605,6.22
1606,9.19
1607,3.85
1608,3.83
1609,4.5
1610,9.83
1611,4.94
1612,4.93
1613,4.41
1614,4.38
1615,3.75
1616,5.81
1617,4.7
1618,5.82
1619,4.33
1620,6.92
1621,8.48
1622,12.55
1623,5.06
1624,4.15
1625,7.66
1626,6.38
1627,4.09
1628,3.97
1629,5.81
1630,7.18
1631,4.5
1632,5.57
1633,3.95
1634,10.17
1635,5.08
1636,4.48
1637,5.12
1638,7.53
1639,4.1
1640,7.85
1641,4.61
1642,6.64
1643,6.1
1644,4.16
1645,3.59
1646,7.97
1647,6.17
1648,3.56
1649,8.28
1650,4.88
1651,4.1
1652,4.53
1653,4.41
1654,3.75
1655,4.5
1656,5.17
1657,5.07
1658,5.16
1659,4.88
1660,5.98
1661,6.23
1662,4.48
1663,3.97
1664,4.33
1665,6.84
1666,4.79
1667,5.19
1668,3.83
1669,7.41
1670,4.01
1671,4.48
1672,6.1
1673,4.96
1674,23.54
1675,5.13
1676,6.04
1677,4.43
1678,5.28
1679,12.47
1680,8.78
1681,5.76
1682,7.62
1683,3.71
1684,5.9
1685,5.8
1686,5.65
1687,7.12
1688,7.54
1689,4.38
1690,3.73
1691,4.78
1692,8.33
1693,11.84
1694,6.42
1695,3.91
1696,6.03
1697,6.34
1698,5.22
1699,5.85
1700,6.68
1701,4.88
1702,8.04
1703,4.45
1704,4.11
1705,6.73
1706,4.73
1707,6.03
1708,4.06
1709,6.41
1710,6.09
1711,6.85
1712,6.85
1713,3.95
1714,5.44
1715,4.23
1716,3.95
1717,7.81
1718,5.29
1719,7.14
1720,4.5
1721,4.47
1722,7.93
1723,5.98
1724,13.1
1725,3.28
1726,3.78
1727,3.76
1728,8.32
1729,5.0
1730,5.2
1731,6.39
1732,5.3
1733,4.31
1734,3.19
1735,4.24
1736,4.34
1737,5.58
1738,6.33
1739,5.32
1740,3.95
1741,6.74
1742,4.35
1743,6.35
1744,4.2
1745,4.33
1746,4.68
1747,5.0
1748,4.77
1749,4.52
1750,5.6
1751,3.48
1752,3.77
1753,3.98
1754,5.05
1755,4.86
1756,4.63
1757,4.24
1758,5.12
1759,5.88
1760,7.21
1761,5.27
1762,131.64
1763,6.98
1764,25.7
1765,5.02
1766,7.42
1767,4.8
1768,5.27
1769,7.45
1770,4.8
1771,4.17
1772,4.9
1773,7.32
1774,4.68
1775,5.66
1776,4.88
1777,8.91
1778,5.67
1779,6.11
1780,4.13
1781,6.89
1782,5.36
1783,4.06
1784,5.22
1785,10.86
1786,4.32
1787,4.15
1788,3.95
1789,6.97
1790,5.88
1791,3.95
1792,4.27
1793,5.49
1794,5.35
1795,3.65
1796,4.07
1797,5.27
1798,3.7
1799,3.69
1800,4.7
1801,3.8
1802,4.95
1803,5.85
1804,4.01
1805,4.65
1806,5.23
1807,5.66
1808,5.81
1809,3.89
1810,5.28
1811,5.26
1812,3.69
1813,3.1
1814,4.12
1815,6.67
1816,9.48
1817,4.26
1818,6.18
1819,4.25
1820,5.12
1821,8.0
1822,3.98
1823,6.09
1824,3.96
1825,6.25
1826,5.64
1827,8.44
1828,3.94
1829,8.25
1830,4.63
1831,4.6
1832,5.6
1833,6.68
1834,4.31
1835,5.76
1836,4.1
1837,5.66
1838,8.11
1839,5.32
1840,6.56
1841,9.35
1842,4.76
1843,5.06
1844,4.57
1845,4.2
1846,3.82
1847,5.56
1848,6.4
1849,6.44
1850,5.15
1851,6.31
1852,4.9
1853,3.77
1854,4.93
1855,3.98
1856,9.96
1857,3.65
1858,3.36
1859,5.38
1860,4.31
1861,6.42
1862,5.19
1863,6.63
1864,5.98
1865,6.08
1866,5.25
1867,4.09
1868,4.97
1869,5.91
1870,4.96
1871,27.48
1872,4.08
1873,7.46
1874,3.4
1875,9.56
1876,5.07
1877,4.46
1878,4.61
1879,11.64
1880,6.9
1881,6.93
1882,4.73
1883,4.83
1884,4.17
1885,5.51
1886,8.46
1887,3.92
1888,20.05
1889,5.85
1890,7.23
1891,6.23
1892,5.02
1893,7.05
1894,4.25
1895,5.29
1896,6.72
1897,9.18
1898,5.13
1899,4.11
1900,4.63
1901,7.14
1902,3.57
1903,4.46
1904,4.27
1905,4.49
1906,5.68
1907,5.34
1908,5.95
1909,5.59
1910,7.88
1911,4.78
1912,4.16
1913,4.29
1914,4.14
1915,4.78
1916,6.07
1917,7.42
1918,4.52
1919,6.15
1920,5.78
1921,3.8
1922,4.71
1923,7.91
1924,4.29
1925,10.43
1926,3.63
1927,4.56
1928,5.2
1929,6.23
1930,3.75
1931,7.33
1932,5.42
1933,7.5
1934,4.08
1935,6.67
1936,4.73
1937,12.88
1938,7.56
1939,5.34
1940,3.44
1941,5.78
1942,7.71
1943,5.07
1944,18.24
1945,5.92
1946,7.35
1947,12.04
1948,6.98
1949,4.15
1950,12.21
1951,6.83
1952,8.82
1953,5.47
1954,3.99
1955,4.42
1956,5.96
1957,5.69
1958,5.06
1959,6.29
1960,3.91
1961,3.94
1962,5.92
1963,5.4
1964,6.39
1965,10.44
1966,4.64
1967,5.76
1968,4.21
1969,4.93
1970,4.75
1971,5.31
1972,5.14
1973,6.52
1974,8.22
1975,5.4
1976,4.56
1977,4.31
1978,4.91
1979,5.72
1980,5.9
1981,3.53
1982,5.08
1983,6.31
1984,9.2
1985,6.02
1986,4.92
1987,4.23
1988,32.73
1989,5.53
1990,3.96
1991,4.27
1992,6.23
1993,4.02
1994,6.71
1995,5.42
1996,4.71
1997,4.72
1998,5.79
1999,5.29
2000,4.67
2001,6.04
2002,8.52
2003,7.46
2004,4.63
2005,5.17
2006,4.35
2007,5.0
2008,7.94
2009,6.49
2010,8.37
2011,6.08
2012,4.68
2013,3.97
2014,4.47
2015,3.65
2016,4.7
2017,5.28
2018,4.48
2019,5.28
2020,7.05
2021,3.86
2022,7.91
2023,4.53
2024,5.72
2025,4.57
2026,5.0
2027,4.92
2028,3.23
2029,4.7
2030,7.31
2031,3.36
2032,5.18
2033,8.36
2034,27.23
2035,4.58
2036,4.62
2037,3.34
2038,4.22
2039,5.25
2040,6.12
2041,3.98
2042,6.31
2043,4.73
2044,6.12
2045,5.79
2046,13.74
2047,4.46
2048,4.28
2049,4.87
2050,3.56
2051,6.0
2052,4.94
2053,7.85
2054,3.85
2055,5.21
2056,3.5
2057,4.63
2058,5.49
2059,9.86
2060,5.82
2061,6.29
2062,5.02
2063,7.42
2064,5.79
2065,4.93
2066,3.35
2067,5.3
2068,6.19
2069,5.19
2070,5.64
2071,3.9
2072,5.07
2073,7.98
2074,5.24
2075,8.93
2076,5.01
2077,4.07
2078,5.81
2079,4.71
2080,5.5
2081,11.88
2082,4.72
2083,3.9
2084,4.98
2085,5.11
2086,6.64
2087,4.79
2088,6.49
2089,6.36
2090,5.52
2091,4.67
2092,5.05
2093,4.97
2094,3.86
2095,4.45
2096,6.87
2097,5.76
2098,8.64
2099,4.47
2100,6.5
2101,3.62
2102,6.56
2103,5.49
2104,5.54
2105,3.91
2106,4.32
2107,5.35
2108,5.56
2109,5.69
2110,6.33
2111,5.18
2112,4.93
2113,9.58
2114,6.4
2115,4.63
2116,4.71
2117,10.54
2118,3.1
2119,5.28
2120,3.42
2121,4.68
2122,6.76
2123,4.06
2124,4.84
2125,6.81
2126,4.31
2127,5.68
2128,4.73
2129,5.12
2130,8.32
2131,5.32
2132,4.5
2133,5.85
2134,4.87
2135,4.93
2136,4.86
2137,4.16
2138,3.42
2139,9.32
2140,6.14
2141,4.48
2142,4.72
2143,5.03
2144,4.59
2145,4.4
2146,3.63
2147,4.58
2148,4.15
2149,4.28
2150,6.13
2151,7.47
2152,4.03
2153,5.83
2154,4.2
2155,5.69
2156,6.61
2157,6.31
2158,4.25
2159,4.25
2160,8.74
2161,6.82
2162,4.51
2163,3.94
2164,8.74
2165,6.36
2166,4.92
2167,4.42
2168,3.8
2169,3.63
2170,6.27
2171,4.31
2172,5.7
2173,5.05
2174,5.14
2175,6.14
2176,3.92
2177,3.39
2178,5.0
2179,23.1
2180,4.18
2181,4.63
2182,3.95
2183,4.19
2184,5.42
2185,4.65
2186,25.01
2187,5.63
2188,4.62
2189,5.06
2190,3.09
2191,4.8
2192,5.64
2193,3.44
2194,4.46
2195,3.77
2196,3.88
2197,9.68
2198,5.17
2199,8.02
2200,4.68
2201,5.67
2202,4.86
2203,6.16
2204,7.57
2205,5.2
2206,5.47
2207,4.14
2208,10.77
2209,4.07
2210,4.87
2211,4.79
2212,4.13
2213,6.06
2214,3.76
2215,5.29
2216,4.71
2217,5.5
2218,3.63
2219,7.59
2220,3.55
2221,4.46
2222,4.1
2223,10.77
2224,21.65
2225,5.45
2226,4.2
2227,4.27
2228,8.02
2229,4.96
2230,4.26
2231,4.93
2232,3.5
2233,8.29
2234,5.56
2235,4.41
2236,4.41
2237,5.2
2238,4.25
2239,5.38
2240,4.25
2241,44.34
2242,3.75
2243,4.66
2244,4.58
2245,4.38
2246,4.18
2247,4.5
2248,4.34
2249,4.37
2250,9.46
2251,4.33
2252,3.87
2253,4.87
2254,9.37
2255,3.72
2256,4.49
2257,5.05
2258,6.65
2259,5.31
2260,12.4
2261,3.43
2262,5.1
2263,3.98
2264,5.56
2265,3.9
2266,5.64
2267,3.44
2268,6.13
2269,5.69
2270,3.86
2271,3.68
2272,3.95
2273,5.02
2274,3.81
2275,4.72
2276,4.12
2277,12.16
2278,5.9
2279,4.11
2280,5.25
2281,8.09
2282,6.45
2283,3.89
2284,5.52
2285,4.8
2286,6.25
2287,5.78
2288,9.33
2289,7.02
2290,8.53
2291,5.14
2292,5.47
2293,6.04
2294,5.68
2295,6.83
2296,5.63
2297,4.56
2298,5.97
2299,6.89
2300,5.93
2301,5.29
2302,4.96
2303,6.27
2304,10.85
2305,7.64
2306,5.19
2307,4.91
2308,5.13
2309,5.01
2310,7.43
2311,5.96
2312,6.34
2313,4.34
2314,3.82
2315,6.07
2316,3.79
2317,6.03
2318,5.05
2319,7.49
2320,3.96
2321,3.8
2322,3.09
2323,5.02
2324,8.43
2325,5.09
2326,4.18
2327,7.68
2328,4.0
2329,5.4
2330,4.22
2331,7.01
2332,4.51
2333,4.5
2334,4.97
2335,4.69
2336,6.63
2337,16.66
2338,3.89
2339,4.95
2340,4.9
2341,6.84
2342,3.63
2343,5.37
2344,5.27
2345,4.02
2346,7.32
2347,4.7
2348,5.86
2349,6.59
2350,4.67
2351,4.21
2352,6.55
2353,4.28
2354,5.98
2355,6.43
2356,3.66
2357,5.69
2358,13.33
2359,5.16
2360,5.62
2361,3.79
2362,5.68
2363,4.68
2364,6.8
2365,4.82
2366,5.46
2367,4.67
2368,5.47
2369,6.19
2370,5.73
2371,6.32
2372,8.59
2373,6.4
2374,4.81
2375,5.37
2376,4.54
2377,8.31
2378,4.12
2379,7.29
2380,4.86
2381,3.72
2382,6.18
2383,3.98
2384,9.37
2385,8.28
2386,3.82
2387,4.36
2388,4.48
2389,4.75
2390,5.62
2391,6.22
2392,4.12
2393,3.79
2394,5.15
2395,3.21
2396,3.94
2397,3.73
2398,3.39
2399,4.93
2400,4.4
2401,5.49
2402,8.54
2403,4.91
2404,7.08
2405,6.33
2406,4.47
2407,3.57
2408,4.11
2409,4.51
2410,4.82
2411,9.6
2412,4.18
2413,3.71
2414,6.24
2415,4.69
2416,4.75
2417,3.88
2418,3.94
2419,4.74
2420,3.66
2421,4.52
2422,3.69
2423,4.49
2424,6.88
2425,7.5
2426,8.44
2427,4.41
2428,5.02
2429,4.28
2430,5.14
2431,4.44
2432,6.07
2433,6.56
2434,4.57
2435,9.65
2436,5.51
2437,5.57
2438,4.77
2439,11.36
2440,4.16
2441,5.48
2442,5.13
2443,3.47
2444,4.84
2445,4.39
2446,3.52
2447,7.3
2448,5.97
2449,10.66
2450,4.08
2451,5.06
2452,4.72
2453,11.39
2454,4.16
2455,4.68
2456,3.14
2457,4.92
2458,4.95
2459,4.59
2460,7.27
2461,5.94
2462,9.09
2463,4.02
2464,6.09
2465,3.5
2466,5.5
2467,4.94
2468,4.69
2469,4.41
2470,4.43
2471,3.75
2472,4.73
2473,5.62
2474,6.32
2475,4.31
2476,4.07
2477,4.52
2478,4.92
2479,5.01
2480,5.4
2481,5.41
2482,3.76
2483,5.52
2484,3.48
2485,6.77
2486,4.9
2487,5.4
2488,7.17
2489,3.47
2490,4.03
2491,10.21
2492,3.96
2493,6.08
2494,6.29
2495,4.87
2496,6.65
2497,7.26
2498,3.43
2499,5.48
2500,9.42
2501,15.62
2502,4.17
2503,5.55
2504,4.47
2505,5.33
2506,6.38
2507,3.15
2508,3.25
2509,4.8
2510,6.33
2511,3.97
2512,9.88
2513,5.16
2514,3.67
2515,4.95
2516,4.57
2517,4.44
2518,8.65
2519,9.58
2520,6.8
2521,3.9
2522,5.33
2523,4.62
2524,5.54
2525,15.53
2526,3.94
2527,8.83
2528,5.08
2529,5.67
2530,3.9
2531,4.69
2532,5.79
2533,4.24
2534,5.18
2535,4.55
2536,4.14
2537,10.0
2538,5.37
2539,8.43
2540,5.14
2541,3.33
2542,4.99
2543,7.56
2544,4.08
2545,4.8
2546,11.44
2547,6.2
2548,5.33
2549,3.49
2550,5.49
2551,3.37
2552,5.1
2553,7.68
2554,3.37
2555,4.65
2556,6.42
2557,4.51
2558,4.74
2559,4.29
2560,3.76
2561,4.31
2562,3.94
2563,6.21
2564,4.01
2565,3.61
2566,7.12
2567,11.02
2568,3.23
2569,4.95
2570,8.42
2571,3.59
2572,4.17
2573,6.5
2574,4.4
2575,4.22
2576,6.43
2577,4.57
2578,4.49
2579,5.16
2580,8.96
2581,4.41
2582,6.23
2583,7.54
2584,8.35
2585,4.91
2586,9.82
2587,5.04
2588,4.46
2589,6.09
2590,4.63
2591,4.44
2592,4.9
2593,5.76
2594,4.7
2595,4.01
2596,3.64
2597,6.44
2598,10.33
2599,6.16
2600,5.49
2601,11.89
2602,5.01
2603,5.56
2604,11.1
2605,5.88
2606,4.52
2607,4.43
2608,4.12
2609,5.94
2610,4.67
2611,4.56
2612,4.28
2613,4.06
2614,5.26
2615,4.92
2616,4.21
2617,6.61
2618,4.5
2619,4.6
2620,4.48
2621,4.05
2622,8.79
2623,3.14
2624,5.24
2625,6.0
2626,5.28
2627,7.34
2628,9.67
2629,3.83
2630,3.55
2631,4.21
2632,4.19
2633,6.16
2634,7.55
2635,3.66
2636,5.23
2637,6.93
2638,4.94
2639,5.05
2640,4.77
2641,7.1
2642,6.57
2643,4.47
2644,4.08
2645,5.92
2646,3.55
2647,6.93
2648,4.57
2649,4.3
2650,3.49
2651,3.34
2652,5.16
2653,9.79
2654,4.12
2655,6.21
2656,4.48
2657,6.31
2658,5.5
2659,6.81
2660,4.93
2661,5.92
2662,6.53
2663,6.1
2664,3.51
2665,4.08
2666,3.43
2667,7.93
2668,5.51
2669,7.53
2670,3.82
2671,6.49
2672,5.21
2673,4.64
2674,4.36
2675,6.92
2676,5.61
2677,4.98
2678,3.22
2679,6.8
2680,5.4
2681,3.76
2682,4.93
2683,4.88
2684,6.32
2685,5.07
2686,5.06
2687,8.66
2688,3.9
2689,10.3
2690,4.74
2691,4.5
2692,4.64
2693,5.41
2694,3.81
2695,3.97
2696,55.87
2697,8.26
2698,3.62
2699,4.98
2700,5.27
2701,4.7
2702,9.12
2703,4.66
2704,5.79
2705,4.28
2706,8.92
2707,3.78
2708,3.59
2709,6.67
2710,7.55
2711,7.97
2712,7.85
2713,7.44
2714,3.89
2715,5.52
2716,5.88
2717,4.99
2718,4.32
2719,4.86
2720,7.11
2721,3.43
2722,5.25
2723,4.85
2724,5.15
2725,12.04
2726,7.21
2727,4.97
2728,4.52
2729,4.44
2730,4.84
2731,6.52
2732,5.68
2733,5.64
2734,4.78
2735,5.03
2736,5.25
2737,4.14
2738,4.94
2739,9.63
2740,6.05
2741,4.1
2742,7.1
2743,10.13
2744,4.29
2745,4.05
2746,5.74
2747,4.85
2748,8.94
2749,8.33
2750,8.66
2751,6.93
2752,4.95
2753,3.39
2754,5.87
2755,4.77
2756,3.13
2757,4.33
2758,3.46
2759,4.03
2760,6.58
2761,3.18
2762,7.01
2763,4.6
2764,11.1
2765,3.88
2766,18.52
2767,7.88
2768,4.83
2769,6.09
2770,4.18
2771,4.99
2772,5.5
2773,3.73
2774,4.68
2775,6.26
2776,3.96
2777,10.04
2778,6.59
2779,5.88
2780,4.81
2781,4.62
2782,4.71
2783,3.93
2784,5.12
2785,6.38
2786,3.4
2787,3.32
2788,3.64
2789,3.79
2790,5.26
2791,3.99
2792,5.09
2793,5.01
2794,4.59
2795,5.72
2796,8.72
2797,8.03
2798,5.32
2799,3.73
2800,4.39
2801,5.12
2802,4.1
2803,4.52
2804,5.85
2805,5.3
2806,6.78
2807,4.73
2808,4.69
2809,5.91
2810,13.81
2811,6.53
2812,9.4
2813,15.18
2814,4.01
2815,4.31
2816,4.64
2817,3.79
2818,3.93
2819,5.83
2820,12.5
2821,5.82
2822,7.46
2823,5.81
2824,3.3
2825,5.39
2826,6.49
2827,5.27
2828,11.63
2829,5.58
2830,4.51
2831,6.34
2832,4.49
2833,6.05
2834,6.46
2835,4.6
2836,8.25
2837,5.33
2838,5.38
2839,7.59
2840,5.62
2841,5.54
2842,6.42
2843,4.15
2844,4.67
2845,3.78
2846,4.72
2847,4.9
2848,5.44
2849,4.02
2850,6.44
2851,4.41
2852,6.61
2853,5.14
2854,9.65
2855,6.31
2856,5.44
2857,6.31
2858,5.01
2859,3.2
2860,4.61
2861,4.74
2862,5.46
2863,7.7
2864,6.01
2865,3.48
2866,4.09
2867,3.06
2868,4.05
2869,5.66
2870,4.34
2871,5.06
2872,7.56
2873,4.9
2874,5.28
2875,7.59
2876,10.0
2877,9.19
2878,3.98
2879,8.24
2880,8.53
2881,3.94
2882,4.38
2883,4.58
2884,5.22
2885,7.36
2886,4.07
2887,4.51
2888,5.06
2889,7.53
2890,4.63
2891,6.83
2892,6.01
2893,6.22
2894,7.91
2895,5.38
2896,5.45
2897,4.28
2898,6.75
2899,5.46
2900,3.78
2901,4.22
2902,5.43
2903,5.76
2904,4.97
2905,5.16
2906,5.78
2907,3.61
2908,4.2
2909,6.41
2910,7.37
2911,4.1
2912,5.66
2913,8.91
2914,4.38
2915,3.93
2916,5.0
2917,4.2
2918,5.27
2919,5.47
2920,5.99
2921,5.41
2922,5.36
2923,13.59
2924,5.22
2925,4.69
2926,7.08
2927,4.65
2928,13.37
2929,7.25
2930,4.61
2931,6.47
2932,7.39
2933,3.83
2934,4.3
2935,4.37
2936,5.63
2937,4.8
2938,6.23
2939,3.91
2940,5.25
2941,5.06
2942,5.01
2943,6.02
2944,4.44
2945,6.79
2946,3.68
2947,5.44
2948,5.49
2949,8.84
2950,3.64
2951,4.21
2952,6.32
2953,5.45
2954,4.16
2955,5.73
2956,4.33
2957,7.19
2958,4.39
2959,3.3
2960,3.57
2961,3.75
2962,6.08
2963,8.36
2964,4.1
2965,6.42
2966,5.92
2967,5.76
2968,4.86
2969,3.56
2970,4.41
2971,31.19
2972,5.04
2973,4.23
2974,21.21
2975,6.18
2976,7.73
2977,5.23
2978,4.52
2979,9.27
2980,4.95
2981,5.76
2982,6.08
2983,4.11
2984,6.05
2985,6.84
2986,5.69
2987,5.71
2988,3.55
2989,5.56
2990,5.72
2991,6.28
2992,6.75
2993,5.46
2994,3.86
2995,3.48
2996,3.71
2997,7.54
2998,7.39
2999,4.44
3000,6.38
3001,3.59
3002,4.76
3003,5.14
3004,3.53
3005,5.53
3006,3.83
3007,3.97
3008,4.01
3009,5.58
3010,5.32
3011,5.61
3012,4.46
3013,5.38
3014,10.49
3015,5.94
3016,5.31
3017,4.42
3018,5.54
3019,5.19
3020,3.74
3021,5.23
3022,5.27
3023,4.04
3024,4.99
3025,4.31
3026,5.98
3027,4.58
3028,4.83
3029,4.49
3030,3.47
3031,3.79
3032,5.86
3033,5.84
3034,3.38
3035,4.86
3036,5.41
3037,5.73
3038,14.13
3039,4.76
3040,4.13
3041,3.98
3042,7.63
3043,5.41
3044,4.53
3045,5.73
3046,3.77
3047,4.61
3048,3.92
3049,16.69
3050,5.3
3051,7.95
3052,6.4
3053,7.02
3054,4.25
3055,5.17
3056,4.41
3057,4.26
3058,5.27
3059,4.59
3060,5.02
3061,10.73
3062,3.22
3063,4.88
3064,5.68
3065,5.39
3066,6.45
3067,5.82
3068,4.81
3069,3.19
3070,5.22
3071,11.08
3072,20.89
3073,4.25
3074,25.25
3075,5.45
3076,3.48
3077,6.5
3078,5.44
3079,6.56
3080,5.36
3081,4.46
3082,4.15
3083,4.49
3084,8.92
3085,4.43
3086,6.32
3087,4.09
3088,7.32
3089,3.68
3090,6.0
3091,5.56
3092,4.66
3093,3.7
3094,7.91
3095,3.92
3096,15.69
3097,6.64
3098,4.6
3099,3.18
3100,10.08
3101,5.14
3102,6.5
3103,5.08
3104,6.29
3105,10.23
3106,4.51
3107,8.02
3108,4.3
3109,5.88
3110,5.57
3111,6.38
3112,5.08
3113,4.0
3114,8.19
3115,7.26
3116,6.08
3117,4.74
3118,4.89
3119,3.45
3120,5.32
3121,3.45
3122,3.6
3123,6.65
3124,4.37
3125,4.36
3126,6.61
3127,7.92
3128,4.52
3129,8.42
3130,4.39
3131,5.33
3132,5.53
3133,5.13
3134,4.93
3135,5.78
3136,5.31
3137,4.83
3138,5.45
3139,4.74
3140,4.92
3141,5.8
3142,6.22
3143,6.06
3144,6.76
3145,3.68
3146,6.47
3147,6.38
3148,4.21
3149,5.33
3150,5.83
3151,4.55
3152,5.99
3153,6.79
3154,9.31
3155,5.22
3156,3.49
3157,4.55
3158,4.28
3159,6.28
3160,12.82
3161,4.99
3162,7.04
3163,6.49
3164,7.69
3165,5.95
3166,5.39
3167,4.23
3168,13.94
3169,7.75
3170,8.98
3171,3.73
3172,3.94
3173,5.91
3174,4.52
3175,8.76
3176,5.13
3177,5.4
3178,5.74
3179,3.69
3180,5.75
3181,6.2
3182,4.74
3183,5.05
3184,4.32
3185,5.25
3186,7.29
3187,4.28
3188,6.27
3189,5.37
3190,5.45
3191,5.22
3192,7.25
3193,5.98
3194,5.57
3195,5.74
3196,4.45
3197,4.55
3198,5.53
3199,4.4
3200,5.32
3201,3.44
3202,3.75
3203,4.74
3204,4.8
3205,5.27
3206,6.04
3207,4.92
3208,12.46
3209,5.41
3210,5.62
3211,4.66
3212,5.38
3213,3.65
3214,4.7
3215,4.49
3216,6.36
3217,7.0
3218,6.21
3219,4.62
3220,3.17
3221,5.68
3222,6.63
3223,5.55
3224,3.99
3225,4.79
3226,5.27
3227,6.73
3228,4.35
3229,8.39
3230,4.08
3231,8.14
3232,4.31
3233,12.64
3234,5.68
3235,6.7
3236,3.88
3237,4.6
3238,14.55
3239,5.3
3240,5.0
3241,4.18
3242,7.51
3243,5.91
3244,8.17
3245,6.62
3246,4.22
3247,9.09
3248,5.59
3249,7.01
3250,4.69
3251,5.29
3252,4.22
3253,4.26
3254,4.6
3255,13.08
3256,6.49
3257,8.78
3258,9.12
3259,3.88
3260,3.4
3261,7.15
3262,3.71
3263,5.2
3264,5.35
3265,7.95
3266,4.36
3267,5.48
3268,5.36
3269,5.7
3270,5.02
3271,3.89
3272,5.35
3273,4.34
3274,6.15
3275,5.37
3276,3.95
3277,7.2
3278,8.83
3279,5.42
3280,5.62
3281,4.54
3282,5.58
3283,3.7
3284,6.13
3285,5.04
3286,11.34
3287,6.06
3288,4.93
3289,3.31
3290,9.38
3291,3.76
3292,4.39
3293,8.11
3294,3.44
3295,4.91
3296,5.26
3297,4.05
3298,3.94
3299,3.7
3300,4.72
3301,4.46
3302,11.62
3303,4.63
3304,4.24
3305,4.06
3306,5.07
3307,4.09
3308,5.6
3309,10.08
3310,6.46
3311,5.0
3312,4.2
3313,5.38
3314,4.49
3315,5.49
3316,5.61
3317,4.16
3318,4.82
3319,6.96
3320,4.84
3321,6.96
3322,4.61
3323,6.14
3324,4.66
3325,4.03
3326,5.34
3327,4.93
3328,4.45
3329,5.31
3330,4.15
3331,3.22
3332,4.01
3333,4.87
3334,5.23
3335,9.98
3336,5.64
3337,4.32
3338,6.15
3339,4.09
3340,7.35
3341,3.75
3342,4.35
3343,4.14
3344,4.69
3345,3.32
3346,7.25
3347,4.24
3348,5.03
3349,4.53
3350,4.45
3351,14.18
3352,6.49
3353,4.94
3354,4.87
3355,4.84
3356,5.86
3357,3.85
3358,4.51
3359,4.52
3360,3.93
3361,5.23
3362,9.7
3363,4.6
3364,4.2
3365,12.07
3366,6.55
3367,4.56
3368,23.45
3369,4.86
3370,12.67
3371,5.81
3372,4.66
3373,5.57
3374,5.47
3375,3.83
3376,5.57
3377,5.96
3378,6.35
3379,4.08
3380,5.93
3381,5.7
3382,5.77
3383,4.72
3384,27.16
3385,4.3
3386,3.58
3387,3.94
3388,5.33
3389,4.53
3390,7.11
3391,5.1
3392,12.9
3393,4.17
3394,3.64
3395,4.2
3396,6.29
3397,5.13
3398,4.02
3399,11.44
3400,6.7
3401,5.02
3402,3.84
3403,4.72
3404,14.86
3405,3.33
3406,7.74
3407,3.73
3408,4.08
3409,3.45
3410,4.09
3411,3.76
3412,6.96
3413,5.51
3414,5.83
3415,5.25
3416,5.47
3417,7.14
3418,3.9
3419,9.43
3420,5.77
3421,4.09
3422,3.88
3423,3.35
3424,4.16
3425,5.24
3426,4.3
3427,11.93
3428,6.93
3429,7.36
3430,3.99
3431,6.12
3432,3.98
3433,4.88
3434,4.79
3435,5.81
3436,3.36
3437,5.07
3438,4.58
3439,7.18
3440,7.29
3441,5.49
3442,4.73
3443,6.56
3444,8.02
3445,6.62
3446,5.33
3447,4.7
3448,4.9
3449,5.78
3450,5.89
3451,6.61
3452,5.38
3453,6.46
3454,7.61
3455,6.57
3456,5.19
3457,3.79
3458,4.72
3459,3.7
3460,4.61
3461,4.39
3462,4.86
3463,5.85
3464,4.0
3465,7.18
3466,5.45
3467,5.27
3468,4.98
3469,3.45
3470,5.69
3471,6.43
3472,10.12
3473,4.9
3474,4.13
3475,5.86
3476,9.3
3477,13.57
3478,7.28
3479,5.3
3480,5.1
3481,3.71
3482,9.89
3483,5.25
3484,3.38
3485,4.14
3486,4.98
3487,5.25
3488,5.85
3489,3.48
3490,4.6
3491,4.18
3492,4.77
3493,4.57
3494,5.08
3495,11.27
3496,9.28
3497,3.77
3498,7.14
3499,6.08
3500,6.47
3501,10.26
3502,5.08
3503,5.58
3504,3.5
3505,16.11
3506,8.39
3507,9.06
3508,4.55
3509,11.57
3510,5.95
3511,4.64
3512,5.87
3513,4.15
3514,5.02
3515,5.18
3516,4.0
3517,5.8
3518,4.18
3519,4.07
3520,4.76
3521,4.65
3522,7.13
3523,5.0
3524,4.79
3525,3.86
3526,4.62
3527,4.22
3528,3.8
3529,6.43
3530,5.15
3531,3.96
3532,5.55
3533,3.97
3534,6.31
3535,5.79
3536,3.95
3537,6.39
3538,3.98
3539,5.22
3540,5.78
3541,3.88
3542,4.24
3543,5.27
3544,5.7
3545,3.9
3546,4.55
3547,6.38
3548,4.29
3549,6.25
3550,10.02
3551,6.47
3552,10.99
3553,6.48
3554,5.01
3555,6.26
3556,4.1
3557,6.3
3558,3.56
3559,5.99
3560,3.62
3561,5.44
3562,4.8
3563,5.56
3564,5.09
3565,4.92
3566,3.73
3567,4.54
3568,3.79
3569,4.64
3570,5.06
3571,33.58
3572,4.75
3573,4.43
3574,8.32
3575,6.56
3576,5.74
3577,6.21
3578,5.24
3579,9.92
3580,6.15
3581,4.35
3582,4.05
3583,4.37
3584,3.68
3585,5.46
3586,6.76
3587,6.26
3588,5.68
3589,5.93
3590,4.02
3591,3.78
3592,3.84
3593,5.19
3594,4.43
3595,5.66
3596,5.45
3597,4.25
3598,13.66
3599,6.1
3600,4.68
3601,8.25
3602,5.28
3603,5.54
3604,4.46
3605,8.14
3606,6.48
3607,3.47
3608,6.62
3609,4.23
3610,3.64
3611,5.0
3612,4.91
3613,4.94
3614,5.11
3615,5.03
3616,4.7
3617,5.16
3618,8.15
3619,9.56
3620,7.86
3621,4.29
3622,9.37
3623,16.75
3624,5.12
3625,4.05
3626,4.81
3627,7.31
3628,4.52
3629,6.12
3630,12.23
3631,3.46
3632,5.7
3633,11.05
3634,9.06
3635,8.68
3636,6.8
3637,3.29
3638,4.03
3639,7.48
3640,5.11
3641,6.66
3642,5.17
3643,5.86
3644,6.67
3645,5.14
3646,5.73
3647,4.22
3648,5.24
3649,4.7
3650,4.87
3651,6.49
3652,6.01
3653,4.42
3654,10.57
3655,4.91
3656,7.14
3657,4.41
3658,4.27
3659,3.61
3660,4.3
3661,5.55
3662,5.23
3663,4.4
3664,4.07
3665,4.5
3666,6.12
3667,4.55
3668,8.99
3669,22.94
3670,8.87
3671,4.05
3672,9.54
3673,3.39
3674,36.93
3675,3.9
3676,6.97
3677,5.57
3678,7.03
3679,3.45
3680,4.42
3681,8.0
3682,6.23
3683,3.19
3684,8.47
3685,4.26
3686,10.77
3687,6.23
3688,3.97
3689,7.71
3690,5.38
3691,5.8
3692,7.86
3693,6.88
3694,5.12
3695,10.28
3696,3.91
3697,4.99
3698,4.19
3699,5.18
3700,11.65
3701,4.39
3702,6.25
3703,5.16
3704,4.71
3705,4.08
3706,4.44
3707,7.64
3708,7.89
3709,4.86
3710,5.12
3711,3.96
3712,4.69
3713,5.4
3714,3.83
3715,4.85
3716,5.1
3717,7.27
3718,6.91
3719,7.49
3720,4.15
3721,4.15
3722,12.55
3723,3.95
3724,3.73
3725,6.79
3726,4.95
3727,5.5
3728,4.59
3729,5.72
3730,4.3
3731,7.25
3732,10.45
3733,5.03
3734,5.56
3735,4.32
3736,4.52
3737,5.98
3738,3.49
3739,15.75
3740,7.0
3741,4.09
3742,7.92
3743,3.91
3744,10.6
3745,4.44
3746,4.89
3747,4.93
3748,8.81
3749,8.47
3750,5.58
3751,9.82
3752,7.64
3753,4.86
3754,3.96
3755,11.25
3756,4.48
3757,8.29
3758,4.76
3759,4.56
3760,3.55
3761,5.42
3762,4.37
3763,6.17
3764,3.37
3765,10.42
3766,6.16
3767,5.71
3768,5.02
3769,4.95
3770,5.02
3771,6.69
3772,5.72
3773,4.54
3774,3.47
3775,4.03
3776,5.93
3777,8.01
3778,4.06
3779,4.61
3780,5.57
3781,6.07
3782,4.45
3783,4.18
3784,5.49
3785,5.66
3786,4.26
3787,5.43
3788,4.87
3789,11.9
3790,3.8
3791,5.01
3792,5.67
3793,6.59
3794,9.15
3795,7.26
3796,5.07
3797,12.17
3798,5.29
3799,3.43
3800,5.77
3801,5.23
3802,4.88
3803,4.03
3804,4.04
3805,6.52
3806,3.69
3807,6.85
3808,4.95
3809,4.52
3810,8.83
3811,9.04
3812,4.57
3813,38.76
3814,4.83
3815,3.28
3816,6.36
3817,4.85
3818,8.42
3819,6.41
3820,4.55
3821,4.6
3822,5.17
3823,13.85
3824,4.65
3825,11.71
3826,6.91
3827,11.12
3828,3.54
3829,6.22
3830,3.9
3831,4.31
3832,7.01
3833,5.87
3834,6.83
3835,6.24
3836,3.32
3837,3.68
3838,4.69
3839,3.93
3840,5.73
3841,7.65
3842,4.48
3843,3.82
3844,5.35
3845,5.12
3846,4.92
3847,4.36
3848,4.58
3849,8.83
3850,14.26
3851,5.85
3852,6.38
3853,4.36
3854,6.66
3855,4.7
3856,7.71
3857,7.18
3858,3.36
3859,5.82
3860,3.4
3861,6.22
3862,4.61
3863,3.73
3864,4.36
3865,4.14
3866,5.85
3867,5.34
3868,7.8
3869,5.56
3870,8.32
3871,4.31
3872,5.91
3873,6.12
3874,4.91
3875,6.99
3876,3.65
3877,3.79
3878,4.02
3879,5.18
3880,7.94
3881,3.97
3882,6.3
3883,5.65
3884,6.66
3885,5.2
3886,5.36
3887,5.9
3888,5.39
3889,5.38
3890,4.96
3891,6.91
3892,12.87
3893,7.91
3894,4.36
3895,4.48
3896,6.77
3897,3.14
3898,3.91
3899,4.28
3900,6.05
3901,3.22
3902,5.65
3903,5.65
3904,6.63
3905,4.21
3906,4.31
3907,4.55
3908,5.11
3909,7.35
3910,3.79
3911,3.86
3912,4.81
3913,6.27
3914,3.75
3915,7.72
3916,4.41
3917,5.98
3918,3.78
3919,4.04
3920,3.99
3921,12.08
3922,4.79
3923,4.85
3924,5.88
3925,3.79
3926,5.12
3927,3.48
3928,4.75
3929,5.61
3930,5.22
3931,5.1
3932,4.61
3933,6.79
3934,8.29
3935,5.74
3936,5.73
3937,5.61
3938,5.18
3939,4.79
3940,5.42
3941,4.02
3942,6.54
3943,5.28
3944,12.48
3945,5.22
3946,5.82
3947,5.86
3948,4.36
3949,3.82
3950,4.99
3951,3.62
3952,4.65
3953,6.15
3954,6.25
3955,4.3
3956,5.02
3957,5.36
3958,5.93
3959,6.69
3960,4.58
3961,4.24
3962,4.08
3963,3.75
3964,5.01
3965,11.08
3966,6.77
3967,10.66
3968,4.5
3969,4.39
3970,3.78
3971,6.19
3972,3.41
3973,6.5
3974,5.39
3975,8.4
3976,5.17
3977,5.73
3978,4.54
3979,3.4
3980,6.13
3981,4.5
3982,5.07
3983,4.5
3984,7.11
3985,7.87
3986,4.89
3987,5.87
3988,4.87
3989,4.03
3990,5.64
3991,7.12
3992,5.93
3993,6.81
3994,4.71
3995,5.66
3996,7.33
3997,3.52
3998,3.38
3999,5.74
4000,4.45
4001,3.19
4002,3.65
4003,5.44
4004,4.97
4005,3.46
4006,9.55
4007,5.63
4008,4.55
4009,7.17
4010,3.69
4011,5.91
4012,5.11
4013,4.86
4014,7.79
4015,5.06
4016,4.98
4017,16.65
4018,3.32
4019,3.45
4020,4.32
4021,4.37
4022,4.92
4023,3.91
4024,6.33
4025,3.81
4026,5.89
4027,4.99
4028,4.69
4029,7.98
4030,5.26
4031,4.51
4032,6.45
4033,7.45
4034,4.28
4035,5.08
4036,11.4
4037,4.91
4038,7.82
4039,6.78
4040,5.38
4041,5.61
4042,3.8
4043,4.44
4044,5.7
4045,3.52
4046,8.36
4047,4.24
4048,6.22
4049,6.63
4050,3.98
4051,5.01
4052,3.75
4053,4.32
4054,5.66
4055,5.17
4056,8.57
4057,3.95
4058,6.01
4059,4.6
4060,5.19
4061,4.47
4062,6.24
4063,4.26
4064,3.85
4065,3.6
4066,4.05
4067,5.65
4068,11.59
4069,3.61
4070,6.2
4071,5.2
4072,6.27
4073,6.52
4074,4.24
4075,4.52
4076,5.61
4077,4.53
4078,4.51
4079,5.66
4080,6.85
4081,4.82
4082,10.07
4083,3.91
4084,4.53
4085,6.2
4086,9.22
4087,5.13
4088,4.36
4089,5.54
4090,5.24
4091,5.31
4092,6.57
4093,4.39
4094,8.32
4095,5.07
4096,3.85
4097,3.99
4098,7.61
4099,5.65
4100,4.63
4101,4.52
4102,4.9
4103,6.92
4104,3.45
4105,8.35
4106,4.38
4107,5.25
4108,7.5
4109,9.87
4110,7.06
4111,13.4
4112,4.72
4113,6.61
4114,5.12
4115,4.27
4116,4.52
4117,4.48
4118,6.14
4119,7.22
4120,6.1
4121,3.17
4122,4.72
4123,6.82
4124,7.89
4125,4.39
4126,3.48
4127,4.99
4128,7.92
4129,3.51
4130,5.96
4131,5.17
4132,15.17
4133,11.56
4134,4.5
4135,4.69
4136,5.0
4137,5.24
4138,7.69
4139,5.4
4140,6.51
4141,5.1
4142,4.39
4143,5.46
4144,5.34
4145,4.82
4146,4.33
4147,5.84
4148,3.96
4149,9.27
4150,4.64
4151,7.84
4152,3.9
4153,5.06
4154,5.98
4155,3.86
4156,5.45
4157,5.08
4158,4.24
4159,3.6
4160,13.8
4161,5.49
4162,6.0
4163,5.22
4164,7.27
4165,3.81
4166,3.97
4167,6.96
4168,4.88
4169,3.1
4170,4.56
4171,4.14
4172,4.31
4173,12.55
4174,3.96
4175,3.98
4176,5.04
4177,6.4
4178,8.0
4179,3.64
4180,3.61
4181,3.82
4182,4.72
4183,3.91
4184,6.55
4185,3.52
4186,4.76
4187,6.3
4188,6.11
4189,3.9
4190,4.32
4191,5.24
4192,7.87
4193,7.84
4194,8.86
4195,6.84
4196,4.01
4197,3.85
4198,3.69
4199,6.33
4200,4.61
4201,7.96
4202,3.55
4203,4.53
4204,4.63
4205,8.16
4206,3.84
4207,4.21
4208,5.74
4209,4.49
4210,6.12
4211,5.2
4212,7.31
4213,9.38
4214,11.23
4215,5.38
4216,6.55
4217,5.39
4218,7.0
4219,4.79
4220,3.99
4221,5.45
4222,4.8
4223,5.19
4224,7.66
4225,5.21
4226,5.43
4227,3.93
4228,5.55
4229,5.66
4230,4.1
4231,3.77
4232,5.31
4233,6.06
4234,6.16
4235,5.28
4236,4.81
4237,10.08
4238,6.98
4239,6.29
4240,3.78
4241,3.46
4242,5.27
4243,5.23
4244,7.76
4245,12.33
4246,3.46
4247,5.6
4248,3.82
4249,5.16
4250,3.91
4251,5.04
4252,5.69
4253,4.42
4254,5.74
4255,3.63
4256,4.46
4257,7.03
4258,6.07
4259,4.52
4260,4.71
4261,6.26
4262,5.16
4263,5.26
4264,4.51
4265,4.35
4266,6.3
4267,5.23
4268,11.74
4269,3.65
4270,4.6
4271,5.15
4272,4.86
4273,4.57
4274,5.19
4275,4.51
4276,3.62
4277,6.04
4278,4.59
4279,3.28
4280,3.33
4281,4.01
4282,5.27
4283,4.49
4284,10.0
4285,10.75
4286,4.49
4287,3.56
4288,5.01
4289,5.55
4290,7.65
4291,4.61
4292,4.03
4293,5.67
4294,3.59
4295,4.19
4296,6.16
4297,8.56
4298,5.1
4299,5.0
4300,6.58
4301,5.38
4302,3.25
4303,5.87
4304,4.55
4305,5.67
4306,5.26
4307,4.94
4308,6.52
4309,3.81
4310,6.02
4311,4.47
4312,5.77
4313,4.0
4314,5.12
4315,9.47
4316,3.49
4317,4.63
4318,9.18
4319,3.77
4320,4.23
4321,4.8
4322,8.35
4323,4.76
4324,8.51
4325,5.6
4326,5.01
4327,5.92
4328,4.75
4329,5.02
4330,6.86
4331,6.32
4332,5.16
4333,5.24
4334,4.19
4335,5.02
4336,5.25
4337,3.21
4338,6.78
4339,5.81
4340,6.48
4341,4.12
4342,10.16
4343,4.1
4344,4.12
4345,5.19
4346,5.31
4347,6.07
4348,8.3
4349,4.69
4350,4.87
4351,8.48
4352,4.89
4353,6.94
4354,5.27
4355,7.89
4356,4.06
4357,3.67
4358,6.57
4359,5.78
4360,5.91
4361,3.75
4362,5.73
4363,4.31
4364,4.52
4365,5.02
4366,4.59
4367,11.56
4368,5.39
4369,4.24
4370,24.1
4371,3.78
4372,4.29
4373,3.73
4374,7.23
4375,4.87
4376,3.76
4377,3.55
4378,5.3
4379,5.16
4380,5.81
4381,3.53
4382,4.6
4383,6.5
4384,5.12
4385,3.28
4386,4.81
4387,5.26
4388,5.71
4389,5.13
4390,4.67
4391,5.35
4392,6.32
4393,3.26
4394,7.13
4395,7.09
4396,3.41
4397,3.83
4398,3.46
4399,6.92
4400,3.36
4401,4.08
4402,7.33
4403,6.81
4404,6.83
4405,7.25
4406,7.74
4407,5.84
4408,6.79
4409,4.93
4410,5.83
4411,5.44
4412,5.85
4413,8.3
4414,4.43
4415,5.48
4416,3.57
4417,4.91
4418,4.87
4419,4.6
4420,7.32
4421,3.52
4422,27.16
4423,7.24
4424,7.02
4425,6.75
4426,4.55
4427,5.9
4428,3.43
4429,4.77
4430,4.53
4431,4.38
4432,6.01
4433,4.72
4434,5.34
4435,13.02
4436,4.03
4437,3.89
4438,8.24
4439,4.64
4440,3.96
4441,7.47
4442,4.6
4443,4.94
4444,4.69
4445,3.5
4446,3.48
4447,4.98
4448,4.65
4449,5.51
4450,5.02
4451,4.36
4452,4.49
4453,4.04
4454,8.52
4455,4.84
4456,4.5
4457,3.73
4458,7.57
4459,4.45
4460,5.93
4461,6.96
4462,5.68
4463,3.49
4464,4.81
4465,4.86
4466,6.57
4467,5.66
4468,3.82
4469,13.01
4470,4.57
4471,3.91
4472,3.52
4473,6.97
4474,7.05
4475,7.89
4476,8.86
4477,4.21
4478,7.34
4479,5.27
4480,4.4
4481,6.48
4482,5.6
4483,8.17
4484,4.47
4485,6.91
4486,4.12
4487,5.24
4488,4.16
4489,13.65
4490,4.0
4491,5.11
4492,8.01
4493,4.83
4494,4.08
4495,4.99
4496,8.36
4497,6.38
4498,3.36
4499,4.64
4500,5.65
4501,3.45
4502,5.87
4503,4.62
4504,5.55
4505,6.61
4506,3.93
4507,4.0
4508,4.7
4509,4.78
4510,8.35
4511,5.63
4512,5.43
4513,5.21
4514,12.17
4515,6.08
4516,3.74
4517,4.85
4518,4.11
4519,4.6
4520,3.95
4521,4.17
4522,3.74
4523,4.6
4524,6.31
4525,4.45
4526,5.07
4527,5.86
4528,3.62
4529,8.83
4530,5.81
4531,16.47
4532,7.21
4533,16.31
4534,6.04
4535,3.79
4536,5.27
4537,5.99
4538,9.3
4539,5.48
4540,4.7
4541,5.66
4542,4.47
4543,4.09
4544,4.19
4545,3.91
4546,5.16
4547,5.68
4548,4.32
4549,4.87
4550,6.02
4551,12.39
4552,4.34
4553,4.76
4554,5.69
4555,4.17
4556,6.36
4557,6.19
4558,5.27
4559,3.96
4560,6.19
4561,5.3
4562,3.58
4563,7.25
4564,4.88
4565,4.7
4566,4.4
4567,3.7
4568,6.46
4569,4.34
4570,4.66
4571,4.54
4572,5.15
4573,7.75
4574,3.38
4575,6.84
4576,4.58
4577,5.01
4578,5.27
4579,5.42
4580,3.58
4581,5.13
4582,4.86
4583,8.17
4584,8.62
4585,6.13
4586,12.18
4587,4.81
4588,5.9
4589,5.36
4590,5.13
4591,4.4
4592,6.73
4593,4.17
4594,4.38
4595,4.27
4596,3.41
4597,11.81
4598,7.02
4599,4.43
4600,5.76
4601,3.64
4602,7.33
4603,3.88
4604,6.41
4605,4.07
4606,4.48
4607,5.03
4608,9.88
4609,5.42
4610,3.97
4611,4.82
4612,4.29
4613,8.1
4614,3.77
4615,5.35
4616,8.45
4617,7.57
4618,3.75
4619,6.71
4620,5.18
4621,6.04
4622,4.56
4623,3.65
4624,4.02
4625,4.95
4626,5.76
4627,6.71
4628,4.66
4629,4.35
4630,5.38
4631,6.39
4632,4.72
4633,3.69
4634,5.92
4635,13.82
4636,6.04
4637,5.41
4638,5.16
4639,4.7
4640,4.58
4641,3.41
4642,3.87
4643,3.76
4644,12.32
4645,5.11
4646,6.75
4647,5.37
4648,5.15
4649,5.12
4650,3.89
4651,3.83
4652,3.47
4653,4.61
4654,4.76
4655,7.62
4656,5.62
4657,6.45
4658,6.72
4659,8.3
4660,5.79
4661,3.91
4662,13.56
4663,3.65
4664,5.68
4665,6.81
4666,11.81
4667,3.45
4668,4.23
4669,3.64
4670,3.16
4671,4.97
4672,4.91
4673,3.71
4674,8.99
4675,12.95
4676,4.5
4677,5.88
4678,5.12
4679,4.73
4680,3.46
4681,4.25
4682,5.99
4683,5.44
4684,3.83
4685,3.9
4686,7.72
4687,6.26
4688,5.39
4689,9.96
4690,3.84
4691,3.94
4692,5.13
4693,4.16
4694,4.06
4695,5.51
4696,6.21
4697,15.99
4698,4.76
4699,5.26
4700,5.09
4701,3.82
4702,6.43
4703,4.17
4704,5.18
4705,5.47
4706,11.96
4707,4.14
4708,5.09
4709,6.25
4710,5.06
4711,4.4
4712,3.89
4713,7.24
4714,4.14
4715,4.53
4716,3.4
4717,10.04
4718,4.4
4719,5.95
4720,4.0
4721,4.12
4722,4.64
4723,3.57
4724,5.25
4725,3.85
4726,4.58
4727,4.48
4728,5.94
4729,3.86
4730,5.5
4731,5.26
4732,6.35
4733,5.91
4734,5.18
4735,5.0
4736,11.13
4737,4.52
4738,5.93
4739,5.87
4740,5.42
4741,5.11
4742,7.7
4743,4.81
4744,7.47
4745,3.55
4746,6.61
4747,4.03
4748,3.74
4749,4.59
4750,3.83
4751,5.98
4752,6.73
4753,3.95
4754,5.68
4755,4.77
4756,6.14
4757,7.41
4758,4.56
4759,3.64
4760,3.08
4761,4.09
4762,3.65
4763,3.89
4764,10.85
4765,5.63
4766,14.97
4767,5.7
4768,9.28
4769,6.76
4770,6.2
4771,4.47
4772,7.41
4773,8.6
4774,5.46
4775,3.96
4776,10.49
4777,4.9
4778,7.51
4779,3.69
4780,4.67
4781,4.11
4782,5.09
4783,4.39
4784,12.95
4785,3.57
4786,5.32
4787,4.31
4788,3.83
4789,5.24
4790,4.37
4791,5.94
4792,3.2
4793,6.17
4794,5.56
4795,4.1
4796,3.87
4797,8.72
4798,7.15
4799,6.25
4800,5.26
4801,4.03
4802,3.31
4803,4.93
4804,6.77
4805,8.92
4806,4.4
4807,5.14
4808,7.56
4809,18.46
4810,4.13
4811,5.52
4812,5.54
4813,5.56
4814,4.44
4815,4.4
4816,5.83
4817,4.0
4818,3.52
4819,5.04
4820,7.16
4821,6.58
4822,5.75
4823,6.87
4824,6.31
4825,4.36
4826,12.33
4827,7.57
4828,9.51
4829,4.64
4830,6.96
4831,7.28
4832,6.18
4833,5.4
4834,13.05
4835,4.84
4836,3.65
4837,5.57
4838,7.24
4839,4.74
4840,4.75
4841,3.64
4842,6.59
4843,3.79
4844,3.69
4845,5.2
4846,4.52
4847,5.26
4848,6.51
4849,5.03
4850,6.91
4851,5.11
4852,4.48
4853,4.22
4854,4.49
4855,5.44
4856,4.49
4857,5.61
4858,4.42
4859,4.7
4860,7.8
4861,5.88
4862,5.48
4863,4.6
4864,4.4
4865,5.26
4866,3.95
4867,4.85
4868,4.71
4869,5.27
4870,5.2
4871,13.13
4872,11.93
4873,8.7
4874,8.45
4875,3.53
4876,5.14
4877,4.49
4878,6.35
4879,9.51
4880,6.32
4881,4.91
4882,5.99
4883,3.46
4884,4.59
4885,4.53
4886,8.87
4887,3.46
4888,13.77
4889,5.09
4890,4.7
4891,4.72
4892,3.51
4893,4.74
4894,6.93
4895,5.27
4896,6.14
4897,5.26
4898,4.16
4899,12.17
4900,4.69
4901,4.11
4902,3.29
4903,11.89
4904,4.42
4905,5.03
4906,7.79
4907,4.82
4908,5.04
4909,4.22
4910,7.39
4911,3.94
4912,4.78
4913,4.89
4914,5.55
4915,3.54
4916,4.65
4917,4.92
4918,6.21
4919,4.81
4920,5.12
4921,6.96
4922,5.23
4923,6.9
4924,5.85
4925,7.64
4926,4.0
4927,7.17
4928,3.97
4929,3.99
4930,3.72
4931,4.27
4932,6.55
4933,3.9
4934,4.14
4935,4.34
4936,12.98
4937,21.99
4938,9.61
4939,7.74
4940,7.72
4941,5.22
4942,5.93
4943,5.1
4944,4.22
4945,5.64
4946,6.85
4947,3.56
4948,15.47
4949,6.81
4950,11.16
4951,4.01
4952,4.07
4953,4.47
4954,5.01
4955,5.8
4956,4.97
4957,4.38
4958,3.5
4959,6.22
4960,6.74
4961,4.01
4962,6.63
4963,23.41
4964,4.92
4965,6.1
4966,5.1
4967,4.14
4968,12.47
4969,5.05
4970,3.4
4971,4.98
4972,4.15
4973,6.55
4974,5.56
4975,5.28
4976,7.79
4977,6.55
4978,5.24
4979,4.49
4980,4.78
4981,8.31
4982,4.4
4983,3.24
4984,4.08
4985,5.28
4986,3.97
4987,4.17
4988,4.14
4989,6.91
4990,4.89
4991,6.18
4992,3.83
4993,6.31
4994,5.93
4995,6.26
4996,3.95
4997,4.58
4998,4.95
4999,4.48
5000,9.56
5001,4.44
5002,10.57
5003,3.44
5004,4.46
5005,4.71
5006,9.18
5007,4.09
5008,7.92
5009,3.67
5010,5.24
5011,4.48
5012,4.15
5013,13.77
5014,4.12
5015,7.12
5016,4.14
5017,3.75
5018,4.87
5019,5.6
5020,4.86
5021,5.07
5022,6.35
5023,3.9
5024,4.99
5025,5.09
5026,4.3
5027,6.13
5028,5.26
5029,3.91
5030,4.51
5031,5.28
5032,9.83
5033,4.21
5034,5.05
5035,6.67
5036,7.64
5037,6.06
5038,4.39
5039,5.99
5040,3.86
5041,4.76
5042,5.49
5043,4.39
5044,5.34
5045,6.36
5046,5.99
5047,5.55
5048,4.13
5049,4.86
5050,3.92
5051,5.92
5052,4.35
5053,4.36
5054,4.79
5055,4.67
5056,5.27
5057,4.24
5058,5.11
5059,7.44
5060,5.47
5061,4.34
5062,4.64
5063,10.14
5064,4.51
5065,5.25
5066,4.23
5067,9.8
5068,4.91
5069,4.82
5070,11.86
5071,4.77
5072,7.22
5073,4.85
5074,4.6
5075,8.01
5076,5.33
5077,4.9
5078,4.44
5079,8.22
5080,5.91
5081,6.73
5082,5.4
5083,3.33
5084,4.5
5085,4.48
5086,5.4
5087,5.41
5088,3.91
5089,4.34
5090,3.62
5091,8.41
5092,3.63
5093,8.28
5094,8.51
5095,6.09
5096,4.81
5097,4.78
5098,4.2
5099,5.69
5100,5.31
5101,3.82
5102,3.25
5103,4.51
5104,6.32
5105,4.8
5106,4.35
5107,4.63
5108,3.83
5109,3.75
5110,5.44
5111,5.57
5112,4.58
5113,4.1
5114,5.64
5115,4.43
5116,5.95
5117,4.0
5118,4.33
5119,5.02
5120,4.01
5121,5.38
5122,3.78
5123,6.53
5124,3.98
5125,5.76
5126,7.57
5127,4.6
5128,5.0
5129,7.43
5130,4.42
5131,3.55
5132,4.37
5133,4.26
5134,6.47
5135,6.06
5136,3.55
5137,4.5
5138,5.19
5139,3.95
5140,4.06
5141,4.94
5142,5.23
5143,4.58
5144,3.95
5145,4.96
5146,3.91
5147,4.92
5148,4.24
5149,3.66
5150,5.83
5151,6.58
5152,4.63
5153,4.5
5154,5.01
5155,4.73
5156,6.55
5157,6.6
5158,4.47
5159,4.12
5160,4.67
5161,4.31
5162,4.72
5163,7.41
5164,4.09
5165,4.29
5166,6.09
5167,8.26
5168,5.02
5169,5.41
5170,4.29
5171,5.03
5172,3.87
5173,5.58
5174,4.96
5175,4.07
5176,4.24
5177,6.89
5178,5.52
5179,5.22
5180,4.43
5181,3.64
5182,7.06
5183,5.93
5184,38.14
5185,5.53
5186,4.17
5187,4.06
5188,6.94
5189,5.81
5190,4.17
5191,5.19
5192,6.34
5193,6.81
5194,4.15
5195,5.6
5196,4.77
5197,5.57
5198,6.2
5199,4.6
5200,5.22
5201,4.62
5202,4.71
5203,4.23
5204,7.4
5205,4.41
5206,4.08
5207,4.09
5208,4.64
5209,4.96
5210,5.6
5211,4.44
5212,6.42
5213,4.68
5214,6.63
5215,6.34
5216,4.77
5217,5.09
5218,6.18
5219,3.66
5220,5.33
5221,5.09
5222,6.74
5223,5.07
5224,5.45
5225,5.04
5226,8.0
5227,3.49
5228,3.85
5229,4.71
5230,5.34
5231,4.23
5232,9.8
5233,6.89
5234,4.14
5235,4.25
5236,4.52
5237,5.76
5238,3.6
5239,5.44
5240,3.43
5241,4.79
5242,3.48
5243,4.52
5244,6.24
5245,4.51
5246,5.72
5247,4.21
5248,6.12
5249,4.73
5250,4.88
5251,5.66
5252,4.64
5253,5.18
5254,4.18
5255,4.75
5256,4.67
5257,7.6
5258,6.04
5259,3.71
5260,4.52
5261,4.38
5262,5.68
5263,4.25
5264,4.44
5265,4.26
5266,5.23
5267,5.35
5268,3.52
5269,3.64
5270,4.56
5271,6.4
5272,6.38
5273,7.07
5274,8.93
5275,3.81
5276,4.37
5277,5.52
5278,6.07
5279,5.65
5280,3.71
5281,7.1
5282,4.48
5283,5.11
5284,5.29
5285,5.27
5286,5.26
5287,4.18
5288,10.43
5289,5.14
5290,14.85
5291,4.84
5292,6.66
5293,4.32
5294,3.89
5295,4.63
5296,3.97
5297,9.3
5298,4.76
5299,4.67
5300,4.58
5301,5.33
5302,3.83
5303,7.59
5304,3.82
5305,3.59
5306,4.86
5307,10.59
5308,3.76
5309,24.23
5310,5.56
5311,4.25
5312,6.48
5313,4.18
5314,4.97
5315,4.84
5316,3.92
5317,12.28
5318,4.44
5319,4.69
5320,4.89
5321,6.25
5322,5.26
5323,3.9
5324,8.73
5325,7.18
5326,3.82
5327,4.41
5328,4.64
5329,3.6
5330,3.98
5331,6.09
5332,5.14
5333,3.53
5334,3.71
5335,4.86
5336,4.48
5337,3.49
5338,4.11
5339,6.71
5340,4.92
5341,3.44
5342,5.8
5343,8.14
5344,5.51
5345,4.0
5346,3.18
5347,3.73
5348,4.51
5349,5.18
5350,6.98
5351,9.06
5352,4.0
5353,4.01
5354,4.29
5355,5.39
5356,5.01
5357,5.08
5358,3.28
5359,5.05
5360,5.18
5361,4.74
5362,3.59
5363,3.99
5364,15.69
5365,5.66
5366,4.13
5367,5.82
5368,7.84
5369,4.96
5370,4.71
5371,5.48
5372,5.83
5373,4.87
5374,8.11
5375,6.02
5376,5.65
5377,9.04
5378,6.45
5379,6.43
5380,7.42
5381,8.19
5382,4.45
5383,3.92
5384,12.57
5385,3.94
5386,6.57
5387,4.26
5388,3.8
5389,4.92
5390,10.01
5391,4.16
5392,6.74
5393,4.57
5394,5.26
5395,4.83
5396,11.43
5397,8.84
5398,4.66
5399,4.66
5400,14.33
5401,5.47
5402,12.83
5403,4.26
5404,5.21
5405,5.85
5406,4.34
5407,5.39
5408,5.03
5409,5.53
5410,4.7
5411,4.8
5412,5.98
5413,4.94
5414,6.77
5415,3.9
5416,7.06
5417,4.88
5418,4.91
5419,4.2
5420,3.31
5421,4.71
5422,4.93
5423,4.11
5424,4.35
5425,4.85
5426,4.79
5427,4.74
5428,8.37
5429,5.47
5430,4.48
5431,9.48
5432,4.96
5433,6.34
5434,5.17
5435,6.02
5436,5.56
5437,3.41
5438,4.29
5439,4.67
5440,3.75
5441,3.65
5442,5.24
5443,10.89
5444,5.37
5445,4.2
5446,4.41
5447,3.82
5448,9.23
5449,12.15
5450,6.02
5451,3.74
5452,4.26
5453,5.5
5454,4.17
5455,3.76
5456,5.11
5457,3.7
5458,4.43
5459,4.01
5460,4.91
5461,4.29
5462,5.87
5463,4.05
5464,4.55
5465,6.09
5466,4.51
5467,5.82
5468,12.24
5469,4.24
5470,10.24
5471,3.39
5472,13.04
5473,6.03
5474,7.25
5475,6.97
5476,9.04
5477,10.1
5478,5.21
5479,4.11
5480,3.85
5481,6.65
5482,4.59
5483,5.02
5484,4.3
5485,4.41
5486,3.91
5487,7.67
5488,4.0
5489,9.75
5490,7.83
5491,7.02
5492,4.66
5493,4.44
5494,3.8
5495,5.14
5496,5.14
5497,7.56
5498,5.36
5499,5.11
5500,6.49
5501,3.53
5502,4.9
5503,4.08
5504,4.24
5505,4.43
5506,6.54
5507,4.61
5508,3.82
5509,6.13
5510,4.3
5511,4.25
5512,4.31
5513,3.49
5514,4.68
5515,4.74
5516,3.65
5517,5.1
5518,4.06
5519,5.47
5520,5.84
5521,5.14
5522,6.08
5523,3.96
5524,6.57
5525,4.6
5526,4.55
5527,6.86
5528,4.31
5529,4.62
5530,8.87
5531,4.24
5532,6.43
5533,5.11
5534,5.89
5535,6.71
5536,5.77
5537,3.85
5538,6.61
5539,5.0
5540,5.62
5541,3.38
5542,6.23
5543,3.38
5544,9.05
5545,6.5
5546,6.76
5547,3.6
5548,5.08
5549,3.66
5550,7.7
5551,7.2
5552,7.12
5553,6.28
5554,8.26
5555,3.62
5556,5.37
5557,4.53
5558,3.19
5559,4.91
5560,3.34
5561,8.97
5562,3.72
5563,5.81
5564,4.58
5565,4.33
5566,4.38
5567,8.07
5568,5.13
5569,8.09
5570,18.19
5571,3.72
5572,3.61
5573,4.87
5574,4.98
5575,4.83
5576,6.94
5577,7.44
5578,4.51
5579,3.61
5580,4.15
5581,4.72
5582,28.26
5583,5.35
5584,4.24
5585,5.1
5586,5.87
5587,8.03
5588,6.67
5589,4.95
5590,6.43
5591,3.73
5592,4.9
5593,4.54
5594,4.28
5595,4.79
5596,3.92
5597,4.73
5598,4.54
5599,7.51
5600,4.44
5601,6.5
5602,9.05
5603,4.31
5604,5.16
5605,6.35
5606,12.82
5607,5.71
5608,6.4
5609,4.97
5610,7.61
5611,6.81
5612,4.71
5613,3.63
5614,3.57
5615,6.16
5616,6.21
5617,4.32
5618,6.62
5619,10.99
5620,3.59
5621,5.6
5622,6.33
5623,5.98
5624,5.41
5625,7.87
5626,6.5
5627,4.39
5628,5.24
5629,4.39
5630,4.53
5631,5.12
5632,3.15
5633,4.23
5634,3.42
5635,3.61
5636,3.7
5637,13.63
5638,11.58
5639,3.65
5640,4.86
5641,13.5
5642,5.02
5643,5.86
5644,9.16
5645,4.88
5646,3.75
5647,5.49
5648,4.99
5649,4.3
5650,4.68
5651,4.97
5652,5.49
5653,5.68
5654,5.82
5655,4.83
5656,3.52
5657,4.84
5658,9.3
5659,5.89
5660,3.67
5661,5.38
5662,5.51
5663,3.53
5664,5.19
5665,9.88
5666,15.22
5667,6.61
5668,4.19
5669,3.22
5670,6.85
5671,6.69
5672,6.48
5673,4.29
5674,4.66
5675,6.0
5676,3.77
5677,5.68
5678,5.07
5679,8.36
5680,4.5
5681,4.24
5682,4.55
5683,9.31
5684,4.67
5685,4.84
5686,7.16
5687,5.73
5688,5.08
5689,6.91
5690,5.08
5691,4.56
5692,6.0
5693,5.25
5694,6.66
5695,10.38
5696,5.11
5697,4.84
5698,13.95
5699,8.28
5700,3.35
5701,5.81
5702,4.25
5703,5.67
5704,4.49
5705,5.35
5706,4.7
5707,5.89
5708,5.32
5709,7.7
5710,5.17
5711,4.5
5712,4.0
5713,5.49
5714,4.34
5715,4.12
5716,5.44
5717,5.78
5718,7.07
5719,5.63
5720,6.62
5721,6.94
5722,4.5
5723,4.21
5724,5.81
5725,4.81
5726,3.8
5727,18.92
5728,4.16
5729,10.46
5730,4.35
5731,4.55
5732,3.91
5733,4.52
5734,5.43
5735,6.02
5736,4.71
5737,5.96
5738,3.55
5739,7.11
5740,8.29
5741,6.28
5742,5.36
5743,5.25
5744,5.21
5745,4.72
5746,8.24
5747,4.32
5748,5.01
5749,7.22
5750,9.64
5751,7.47
5752,4.92
5753,5.45
5754,5.0
5755,4.29
5756,6.75
5757,4.14
5758,5.54
5759,4.68
5760,5.79
5761,3.49
5762,4.0
5763,5.83
5764,4.14
5765,4.0
5766,6.39
5767,4.56
5768,3.96
5769,6.15
5770,5.22
5771,5.26
5772,5.62
5773,5.58
5774,4.99
5775,4.53
5776,3.47
5777,5.22
5778,8.41
5779,7.76
5780,4.77
5781,6.79
5782,5.54
5783,4.58
5784,5.12
5785,9.32
5786,4.34
5787,3.49
5788,5.33
5789,5.9
5790,4.89
5791,4.82
5792,5.34
5793,6.28
5794,5.06
5795,4.01
5796,3.67
5797,6.87
5798,4.51
5799,5.38
5800,9.13
5801,3.97
5802,37.77
5803,4.25
5804,5.09
5805,5.96
5806,4.85
5807,6.73
5808,7.35
5809,3.78
5810,4.72
5811,3.26
5812,4.49
5813,28.86
5814,3.75
5815,3.91
5816,5.38
5817,5.84
5818,6.53
5819,3.58
5820,4.45
5821,5.84
5822,12.84
5823,3.84
5824,10.78
5825,4.42
5826,6.15
5827,7.52
5828,5.51
5829,5.62
5830,6.73
5831,5.27
5832,5.96
5833,5.22
5834,4.74
5835,5.42
5836,7.57
5837,4.23
5838,5.31
5839,6.82
5840,17.3
5841,6.81
5842,4.72
5843,11.02
5844,4.14
5845,5.05
5846,4.95
5847,5.16
5848,7.09
5849,5.43
5850,6.78
5851,4.63
5852,5.84
5853,4.75
5854,4.59
5855,10.14
5856,5.32
5857,4.52
5858,9.22
5859,7.14
5860,3.78
5861,6.64
5862,5.26
5863,13.79
5864,4.31
5865,5.46
5866,4.53
5867,9.58
5868,8.07
5869,4.07
5870,9.83
5871,10.22
5872,9.79
5873,4.16
5874,7.18
5875,4.45
5876,6.09
5877,4.4
5878,4.71
5879,15.62
5880,5.82
5881,5.22
5882,7.04
5883,6.16
5884,7.46
5885,8.17
5886,3.89
5887,6.05
5888,3.9
5889,3.79
5890,7.58
5891,4.66
5892,3.75
5893,5.65
5894,3.76
5895,7.88
5896,5.17
5897,4.27
5898,4.53
5899,4.56
5900,6.98
5901,8.89
5902,4.53
5903,5.65
5904,6.29
5905,4.01
5906,4.61
5907,3.74
5908,7.78
5909,6.79
5910,4.31
5911,6.17
5912,4.35
5913,3.41
5914,7.6
5915,7.22
5916,4.47
5917,5.31
5918,5.58
5919,5.79
5920,4.67
5921,5.36
5922,4.29
5923,6.73
5924,5.27
5925,6.74
5926,4.57
5927,4.15
5928,3.72
5929,3.86
5930,4.81
5931,3.85
5932,7.49
5933,3.88
5934,6.59
5935,5.1
5936,4.13
5937,4.78
5938,4.53
5939,3.64
5940,17.11
5941,3.96
5942,7.0
5943,5.38
5944,7.96
5945,5.51
5946,6.63
5947,5.91
5948,5.71
5949,4.86
5950,12.51
5951,4.55
5952,4.88
5953,8.15
5954,6.74
5955,4.54
5956,3.99
5957,4.05
5958,5.33
5959,6.59
5960,5.41
5961,3.11
5962,5.96
5963,6.63
5964,6.92
5965,4.35
5966,6.01
5967,5.92
5968,3.57
5969,6.41
5970,5.79
5971,4.95
5972,4.74
5973,4.12
5974,9.16
5975,6.15
5976,5.29
5977,10.58
5978,4.49
5979,3.9
5980,4.59
5981,4.42
5982,3.35
5983,6.0
5984,4.07
5985,10.55
5986,7.45
5987,6.45
5988,7.4
5989,5.38
5990,5.04
5991,5.16
5992,8.78
5993,5.43
5994,4.46
5995,7.12
5996,4.01
5997,10.29
5998,6.92
5999,3.92
6000,4.56
6001,5.72
6002,8.52
6003,4.46
6004,7.59
6005,15.63
6006,5.1
6007,4.54
6008,4.69
6009,22.89
6010,5.06
6011,3.55
6012,6.86
6013,4.23
6014,6.2
6015,5.66
6016,5.48
6017,4.44
6018,9.52
6019,7.33
6020,4.8
6021,6.2
6022,4.42
6023,4.41
6024,4.5
6025,6.07
6026,5.43
6027,6.2
6028,4.94
6029,6.15
6030,7.99
6031,6.43
6032,4.34
6033,6.03
6034,3.46
6035,4.8
6036,5.33
6037,4.31
6038,4.48
6039,4.29
6040,3.34
6041,8.25
6042,4.44
6043,3.16
6044,4.5
6045,7.19
6046,8.11
6047,3.73
6048,4.16
6049,3.34
6050,4.84
6051,7.25
6052,3.68
6053,3.83
6054,3.67
6055,3.9
6056,4.41
6057,4.95
6058,4.98
6059,6.12
6060,4.02
6061,5.38
6062,4.9
6063,8.95
6064,5.39
6065,5.0
6066,5.77
6067,5.13
6068,4.66
6069,7.56
6070,6.66
6071,3.76
6072,4.3
6073,3.32
6074,3.75
6075,4.78
6076,6.35
6077,4.46
6078,5.96
6079,5.58
6080,3.67
6081,6.04
6082,5.37
6083,8.71
6084,5.59
6085,5.89
6086,4.65
6087,6.03
6088,6.38
6089,6.17
6090,4.78
6091,5.34
6092,4.43
6093,3.71
6094,4.16
6095,4.74
6096,4.89
6097,5.02
6098,4.79
6099,4.95
6100,5.79
6101,5.64
6102,5.54
6103,4.55
6104,5.65
6105,3.73
6106,21.63
6107,4.65
6108,6.16
6109,7.49
6110,3.52
6111,4.63
6112,6.08
6113,6.84
6114,7.35
6115,6.76
6116,4.11
6117,5.31
6118,3.57
6119,6.7
6120,7.19
6121,5.09
6122,5.24
6123,3.51
6124,4.35
6125,8.9
6126,5.27
6127,6.64
6128,4.37
6129,6.61
6130,9.25
6131,6.41
6132,9.43
6133,4.62
6134,4.92
6135,4.26
6136,4.38
6137,6.34
6138,5.01
6139,11.73
6140,5.25
6141,4.54
6142,3.59
6143,6.45
6144,5.0
6145,5.69
6146,14.37
6147,4.15
6148,4.34
6149,4.95
6150,6.42
6151,5.53
6152,4.52
6153,7.48
6154,4.35
6155,11.17
6156,4.46
6157,6.0
6158,3.27
6159,5.64
6160,5.19
6161,4.91
6162,6.57
6163,7.27
6164,7.64
6165,6.69
6166,3.68
6167,7.86
6168,23.55
6169,4.19
6170,4.98
6171,5.68
6172,6.59
6173,4.99
6174,3.95
6175,5.09
6176,5.11
6177,3.35
6178,8.0
6179,14.63
6180,7.5
6181,5.55
6182,4.73
6183,4.88
6184,5.26
6185,3.9
6186,5.28
6187,4.43
6188,4.48
6189,3.23
6190,3.41
6191,5.41
6192,6.46
6193,15.35
6194,7.05
6195,5.55
6196,3.52
6197,4.91
6198,6.03
6199,3.53
6200,4.7
6201,5.76
6202,5.38
6203,5.03
6204,4.14
6205,7.42
6206,4.14
6207,7.92
6208,3.68
6209,3.78
6210,6.4
6211,6.53
6212,4.68
6213,4.4
6214,5.2
6215,5.98
6216,5.01
6217,4.57
6218,4.64
6219,6.05
6220,7.51
6221,3.74
6222,5.62
6223,7.71
6224,5.85
6225,4.27
6226,5.35
6227,6.37
6228,5.02
6229,6.91
6230,4.42
6231,6.29
6232,4.07
6233,4.5
6234,3.88
6235,9.79
6236,8.0
6237,3.18
6238,4.68
6239,4.77
6240,3.41
6241,6.57
6242,4.53
6243,7.0
6244,4.88
6245,4.8
6246,4.59
6247,19.85
6248,4.74
6249,5.06
6250,5.13
6251,5.79
6252,4.63
6253,4.11
6254,9.84
6255,5.09
6256,6.2
6257,10.8
6258,3.29
6259,6.49
6260,16.77
6261,4.69
6262,11.02
6263,4.21
6264,3.34
6265,3.63
6266,4.0
6267,3.71
6268,4.29
6269,5.61
6270,6.47
6271,3.63
6272,5.05
6273,7.02
6274,3.75
6275,5.07
6276,5.76
6277,4.62
6278,5.15
6279,6.2
6280,5.23
6281,9.19
6282,6.65
6283,5.21
6284,6.73
6285,5.51
6286,4.91
6287,3.7
6288,5.35
6289,4.48
6290,3.77
6291,16.36
6292,3.67
6293,5.75
6294,5.09
6295,5.02
6296,3.64
6297,3.9
6298,6.89
6299,3.83
6300,4.75
6301,5.3
6302,6.97
6303,4.55
6304,4.96
6305,5.85
6306,5.54
6307,8.96
6308,5.64
6309,5.68
6310,5.85
6311,3.69
6312,3.52
6313,5.33
6314,8.9
6315,4.81
6316,3.7
6317,3.09
6318,7.99
6319,4.88
6320,3.81
6321,6.03
6322,4.46
6323,4.08
6324,5.12
6325,5.77
6326,8.75
6327,4.28
6328,3.94
6329,8.8
6330,6.05
6331,5.17
6332,13.1
6333,3.69
6334,4.41
6335,10.01
6336,5.94
6337,5.47
6338,3.38
6339,6.34
6340,4.55
6341,5.6
6342,9.77
6343,6.79
6344,5.97
6345,9.84
6346,6.44
6347,4.79
6348,3.68
6349,3.41
6350,5.01
6351,4.45
6352,5.46
6353,4.97
6354,4.77
6355,5.17
6356,4.56
6357,4.57
6358,5.41
6359,10.77
6360,8.49
6361,3.8
6362,5.13
6363,4.23
6364,5.21
6365,3.48
6366,4.58
6367,4.56
6368,5.23
6369,3.86
6370,4.3
6371,5.16
6372,4.25
6373,4.77
6374,3.61
6375,4.34
6376,3.52
6377,4.77
6378,7.19
6379,6.56
6380,4.48
6381,10.81
6382,4.37
6383,3.79
6384,7.83
6385,3.68
6386,6.1
6387,5.84
6388,8.67
6389,6.57
6390,7.31
6391,7.41
6392,5.51
6393,12.5
6394,5.95
6395,6.73
6396,4.26
6397,5.25
6398,4.49
6399,4.46
6400,3.93
6401,3.73
6402,4.0
6403,3.85
6404,5.49
6405,3.87
6406,4.51
6407,5.77
6408,3.69
6409,4.42
6410,5.23
6411,6.47
6412,4.06
6413,4.15
6414,4.84
6415,6.26
6416,3.53
6417,4.83
6418,7.51
6419,6.3
6420,8.97
6421,7.4
6422,4.42
6423,3.57
6424,5.22
6425,5.96
6426,4.32
6427,4.05
6428,4.5
6429,8.25
6430,4.12
6431,5.22
6432,3.72
6433,7.27
6434,3.99
6435,4.15
6436,8.5
6437,3.53
6438,4.63
6439,4.93
6440,7.82
6441,4.12
6442,6.22
6443,5.13
6444,5.54
6445,4.63
6446,4.67
6447,4.97
6448,4.94
6449,6.06
6450,4.42
6451,9.88
6452,4.51
6453,5.17
6454,5.0
6455,9.6
6456,4.71
6457,8.08
6458,6.72
6459,5.7
6460,3.85
6461,14.59
6462,6.92
6463,4.61
6464,4.58
6465,4.91
6466,7.08
6467,4.33
6468,4.34
6469,6.88
6470,5.23
6471,3.66
6472,4.42
6473,5.44
6474,7.26
6475,5.63
6476,7.24
6477,3.68
6478,6.64
6479,5.31
6480,3.64
6481,4.17
6482,11.23
6483,6.33
6484,7.0
6485,4.08
6486,10.98
6487,5.8
6488,6.21
6489,4.98
6490,5.61
6491,4.78
6492,5.01
6493,6.33
6494,4.71
6495,4.12
6496,4.42
6497,3.59
6498,4.4
6499,7.8
6500,3.83
6501,4.12
6502,13.95
6503,5.19
6504,7.09
6505,5.74
6506,5.73
6507,4.09
6508,4.25
6509,5.64
6510,4.59
6511,4.56
6512,4.87
6513,5.33
6514,5.41
6515,4.19
6516,4.22
6517,8.2
6518,6.5
6519,5.58
6520,3.86
6521,4.77
6522,5.71
6523,9.95
6524,5.47
6525,6.8
6526,3.59
6527,10.63
6528,4.5
6529,6.29
6530,3.76
6531,5.98
6532,8.74
6533,4.44
6534,4.93
6535,5.7
6536,4.23
6537,6.29
6538,4.78
6539,6.26
6540,5.06
6541,4.55
6542,7.8
6543,6.61
6544,5.86
6545,4.83
6546,6.93
6547,4.0
6548,15.74
6549,5.05
6550,4.62
6551,8.73
6552,5.54
6553,4.58
6554,5.56
6555,4.87
6556,4.26
6557,4.51
6558,11.51
6559,3.97
6560,4.41
6561,3.72
6562,3.58
6563,7.19
6564,3.98
6565,4.72
6566,4.5
6567,15.02
6568,9.73
6569,4.04
6570,13.56
6571,4.3
6572,10.59
6573,3.39
6574,3.37
6575,6.37
6576,3.52
6577,3.97
6578,5.3
6579,4.45
6580,3.88
6581,6.09
6582,3.99
6583,3.79
6584,4.74
6585,5.71
6586,6.53
6587,4.77
6588,3.43
6589,3.99
6590,4.17
6591,7.55
6592,5.84
6593,4.03
6594,7.33
6595,3.59
6596,5.67
6597,6.01
6598,13.19
6599,4.48
6600,6.13
6601,4.66
6602,4.63
6603,5.1
6604,6.0
6605,4.04
6606,3.44
6607,3.3
6608,5.56
6609,8.14
6610,5.43
6611,5.47
6612,4.57
6613,5.47
6614,8.5
6615,5.63
6616,5.97
6617,3.89
6618,5.36
6619,7.18
6620,4.16
6621,4.2
6622,8.06
6623,4.29
6624,4.95
6625,6.42
6626,6.07
6627,4.27
6628,14.17
6629,5.45
6630,6.27
6631,5.69
6632,7.83
6633,4.38
6634,4.88
6635,5.88
6636,7.9
6637,5.26
6638,4.01
6639,3.43
6640,4.14
6641,4.96
6642,7.37
6643,8.52
6644,4.78
6645,6.62
6646,3.69
6647,5.08
6648,4.66
6649,19.78
6650,4.61
6651,5.02
6652,6.5
6653,6.28
6654,4.11
6655,4.4
6656,3.4
6657,4.26
6658,4.61
6659,8.43
6660,4.1
6661,5.17
6662,6.01
6663,5.24
6664,4.21
6665,4.61
6666,5.05
6667,5.21
6668,4.77
6669,4.33
6670,4.4
6671,5.46
6672,3.58
6673,3.82
6674,6.34
6675,5.44
6676,7.13
6677,6.24
6678,3.96
6679,4.52
6680,3.72
6681,3.34
6682,8.83
6683,4.28
6684,10.97
6685,5.68
6686,3.6
6687,6.8
6688,6.04
6689,5.08
6690,9.8
6691,4.36
6692,6.81
6693,3.89
6694,6.71
6695,4.4
6696,19.9
6697,5.01
6698,4.21
6699,5.7
6700,3.83
6701,6.2
6702,4.92
6703,5.02
6704,9.75
6705,4.76
6706,13.58
6707,5.3
6708,6.41
6709,5.05
6710,5.49
6711,4.33
6712,5.98
6713,6.85
6714,5.78
6715,6.02
6716,6.69
6717,5.99
6718,10.41
6719,7.89
6720,5.64
6721,3.44
6722,4.67
6723,4.66
6724,3.74
6725,3.96
6726,4.92
6727,6.46
6728,3.67
6729,5.39
6730,5.21
6731,4.77
6732,4.48
6733,6.71
6734,6.07
6735,8.07
6736,5.91
6737,8.23
6738,4.5
6739,3.76
6740,5.73
6741,9.75
6742,4.16
6743,8.83
6744,3.96
6745,6.22
6746,3.73
6747,4.55
6748,3.41
6749,4.35
6750,6.93
6751,5.58
6752,4.95
6753,4.35
6754,6.65
6755,3.59
6756,5.5
6757,3.79
6758,4.5
6759,3.79
6760,4.06
6761,7.12
6762,9.79
6763,4.93
6764,4.69
6765,5.63
6766,4.79
6767,5.02
6768,4.28
6769,5.29
6770,5.57
6771,7.48
6772,5.75
6773,6.58
6774,4.66
6775,5.69
6776,4.47
6777,4.15
6778,4.75
6779,9.38
6780,19.85
6781,3.85
6782,5.01
6783,4.64
6784,5.06
6785,13.12
6786,4.61
6787,5.55
6788,5.55
6789,4.83
6790,4.62
6791,6.83
6792,5.08
6793,6.83
6794,8.48
6795,3.56
6796,6.88
6797,3.95
6798,8.0
6799,6.45
6800,4.08
6801,8.19
6802,5.33
6803,6.39
6804,8.72
6805,5.68
6806,5.43
6807,4.16
6808,5.46
6809,6.3
6810,9.64
6811,5.57
6812,3.65
6813,4.51
6814,3.84
6815,7.25
6816,9.39
6817,5.6
6818,5.71
6819,4.14
6820,9.22
6821,4.65
6822,5.39
6823,4.45
6824,12.51
6825,4.48
6826,5.87
6827,12.83
6828,4.05
6829,4.15
6830,6.49
6831,3.38
6832,4.19
6833,5.11
6834,3.91
6835,5.56
6836,4.37
6837,6.05
6838,7.22
6839,6.39
6840,5.6
6841,8.7
6842,3.67
6843,4.41
6844,5.01
6845,4.88
6846,4.56
6847,4.66
6848,8.44
6849,6.44
6850,5.75
6851,5.58
6852,4.82
6853,6.52
6854,6.56
6855,4.59
6856,3.82
6857,3.64
6858,3.51
6859,8.08
6860,7.48
6861,4.52
6862,5.24
6863,4.25
6864,8.79
6865,3.63
6866,3.99
6867,5.65
6868,5.03
6869,7.65
6870,3.69
6871,5.9
6872,3.79
6873,5.12
6874,4.21
6875,9.93
6876,7.83
6877,4.22
6878,3.91
6879,5.46
6880,3.63
6881,4.0
6882,5.78
6883,4.0
6884,8.5
6885,5.47
6886,4.43
6887,6.25
6888,5.07
6889,5.1
6890,6.3
6891,5.01
6892,4.06
6893,4.01
6894,4.38
6895,5.84
6896,3.43
6897,10.84
6898,6.49
6899,5.49
6900,6.75
6901,4.8
6902,3.49
6903,3.65
6904,15.56
6905,4.54
6906,5.1
6907,3.99
6908,4.88
6909,8.71
6910,3.41
6911,3.61
6912,4.28
6913,3.97
6914,4.29
6915,4.38
6916,5.01
6917,3.71
6918,6.18
6919,5.5
6920,5.14
6921,4.94
6922,7.84
6923,7.49
6924,5.43
6925,3.55
6926,4.54
6927,4.77
6928,4.99
6929,4.7
6930,5.03
6931,4.85
6932,6.28
6933,5.7
6934,3.57
6935,4.5
6936,3.04
6937,4.98
6938,3.76
6939,6.41
6940,7.05
6941,3.91
6942,4.57
6943,4.98
6944,4.15
6945,7.84
6946,4.62
6947,3.96
6948,6.78
6949,4.98
6950,7.2
6951,5.84
6952,3.55
6953,7.91
6954,6.23
6955,4.26
6956,5.74
6957,4.02
6958,4.6
6959,4.02
6960,3.62
6961,5.66
6962,5.21
6963,3.6
6964,4.41
6965,4.09
6966,5.17
6967,5.5
6968,6.39
6969,7.73
6970,5.16
6971,4.33
6972,5.59
6973,5.05
6974,7.16
6975,5.36
6976,6.58
6977,5.73
6978,3.42
6979,4.11
6980,6.4
6981,6.27
6982,3.93
6983,4.35
6984,4.7
6985,4.35
6986,4.89
6987,3.99
6988,5.02
6989,4.39
6990,5.9
6991,5.72
6992,5.4
6993,4.24
6994,5.73
6995,7.59
6996,5.33
6997,4.15
6998,4.0
6999,8.53
7000,4.87
7001,5.05
7002,3.74
7003,3.77
7004,8.31
7005,5.15
7006,6.1
7007,7.99
7008,3.47
7009,5.45
7010,5.12
7011,3.66
7012,5.64
7013,4.57
7014,5.62
7015,4.52
7016,4.07
7017,5.28
7018,5.35
7019,4.94
7020,5.2
7021,5.93
7022,5.14
7023,5.37
7024,3.3
7025,6.32
7026,5.93
7027,7.81
7028,5.14
7029,4.34
7030,4.59
7031,4.41
7032,4.94
7033,4.45
7034,12.98
7035,4.64
7036,3.83
7037,3.63
7038,4.57
7039,4.99
7040,4.77
7041,5.02
7042,5.45
7043,10.43
7044,4.94
7045,8.03
7046,4.83
7047,6.52
7048,4.86
7049,5.58
7050,5.55
7051,4.38
7052,6.91
7053,5.16
7054,5.06
7055,5.36
7056,5.04
7057,4.53
7058,5.16
7059,3.86
7060,5.56
7061,3.45
7062,4.17
7063,3.7
7064,6.39
7065,8.42
7066,5.35
7067,4.13
7068,5.65
7069,3.34
7070,5.78
7071,9.94
7072,9.59
7073,7.95
7074,10.54
7075,3.58
7076,8.99
7077,6.16
7078,5.08
7079,6.49
7080,3.91
7081,4.25
7082,14.47
7083,4.81
7084,3.43
7085,4.37
7086,5.28
7087,10.36
7088,7.5
7089,7.11
7090,5.06
7091,4.59
7092,4.07
7093,5.37
7094,4.5
7095,7.67
7096,5.72
7097,5.21
7098,4.19
7099,5.71
7100,5.19
7101,4.82
7102,5.84
7103,4.2
7104,6.3
7105,12.27
7106,5.38
7107,4.09
7108,3.57
7109,5.88
7110,8.01
7111,3.89
7112,5.72
7113,4.83
7114,3.73
7115,5.09
7116,3.98
7117,4.56
7118,5.97
7119,6.01
7120,4.16
7121,5.8
7122,5.98
7123,5.73
7124,4.43
7125,6.52
7126,4.85
7127,3.93
7128,5.24
7129,6.36
7130,4.29
7131,5.58
7132,4.63
7133,4.95
7134,5.26
7135,3.67
7136,4.47
7137,10.18
7138,5.75
7139,4.49
7140,3.81
7141,8.1
7142,6.08
7143,6.08
7144,11.41
7145,6.04
7146,5.12
7147,4.1
7148,6.81
7149,4.92
7150,6.2
7151,4.3
7152,3.74
7153,4.76
7154,5.71
7155,3.87
7156,7.02
7157,4.19
7158,5.84
7159,4.72
7160,9.78
7161,9.2
7162,6.36
7163,5.49
7164,4.69
7165,3.56
7166,5.17
7167,4.28
7168,25.67
7169,9.48
7170,4.54
7171,6.26
7172,3.68
7173,4.22
7174,3.58
7175,6.17
7176,5.84
7177,4.16
7178,7.37
7179,7.4
7180,6.18
7181,3.37
7182,11.03
7183,4.67
7184,7.32
7185,5.37
7186,5.57
7187,3.93
7188,5.86
7189,4.17
7190,6.09
7191,5.59
7192,5.88
7193,4.61
7194,4.86
7195,3.45
7196,4.39
7197,5.41
7198,5.54
7199,6.31
7200,5.15
7201,4.16
7202,3.67
7203,4.18
7204,3.94
7205,12.05
7206,4.05
7207,5.46
7208,7.61
7209,12.44
7210,4.26
7211,6.03
7212,6.5
7213,6.7
7214,3.84
7215,4.95
7216,5.38
7217,7.27
7218,10.38
7219,4.57
7220,4.9
7221,10.19
7222,3.48
7223,5.07
7224,3.82
7225,3.5
7226,4.83
7227,5.12
7228,7.55
7229,3.25
7230,6.68
7231,6.64
7232,5.65
7233,6.37
7234,8.89
7235,3.31
7236,3.64
7237,4.34
7238,4.36
7239,6.25
7240,5.89
7241,11.15
7242,7.23
7243,4.85
7244,5.75
7245,7.91
7246,4.32
7247,5.87
7248,6.2
7249,4.32
7250,11.56
7251,8.03
7252,7.07
7253,4.35
7254,6.08
7255,5.59
7256,4.38
7257,4.81
7258,5.15
7259,8.25
7260,5.11
7261,7.65
7262,5.02
7263,6.16
7264,7.14
7265,4.4
7266,3.6
7267,4.94
7268,4.02
7269,5.91
7270,5.02
7271,5.65
7272,4.59
7273,4.99
7274,3.4
7275,6.54
7276,6.38
7277,7.13
7278,4.65
7279,4.77
7280,5.0
7281,3.4
7282,9.81
7283,6.2
7284,5.62
7285,4.56
7286,4.98
7287,3.97
7288,5.38
7289,4.38
7290,4.41
7291,4.9
7292,5.39
7293,4.04
7294,4.23
7295,4.57
7296,3.26
7297,5.84
7298,4.82
7299,7.17
7300,6.0
7301,3.8
7302,8.02
7303,9.18
7304,6.38
7305,7.3
7306,4.59
7307,5.19
7308,4.06
7309,4.46
7310,6.56
7311,4.5
7312,3.35
7313,5.54
7314,4.51
7315,4.3
7316,6.22
7317,7.35
7318,5.76
7319,5.73
7320,4.52
7321,5.02
7322,4.4
7323,8.09
7324,5.31
7325,4.89
7326,6.77
7327,4.18
7328,3.96
7329,5.42
7330,6.74
7331,14.35
7332,7.16
7333,6.4
7334,5.18
7335,4.38
7336,10.99
7337,6.11
7338,4.13
7339,5.64
7340,5.57
7341,3.62
7342,7.35
7343,4.56
7344,3.65
7345,7.89
7346,12.37
7347,5.75
7348,4.64
7349,4.49
7350,7.4
7351,11.59
7352,3.72
7353,5.5
7354,5.38
7355,7.79
7356,5.31
7357,3.78
7358,4.38
7359,6.56
7360,5.65
7361,3.37
7362,6.56
7363,5.9
7364,4.97
7365,7.07
7366,4.8
7367,4.7
7368,6.15
7369,4.01
7370,4.13
7371,5.13
7372,3.34
7373,6.45
7374,3.4
7375,4.31
7376,6.71
7377,5.9
7378,17.03
7379,4.83
7380,5.15
7381,5.7
7382,4.79
7383,4.3
7384,5.54
7385,5.04
7386,5.6
7387,6.24
7388,7.37
7389,6.7
7390,4.06
7391,5.1
7392,5.64
7393,4.85
7394,6.16
7395,5.01
7396,4.46
7397,4.73
7398,5.18
7399,6.21
7400,6.37
7401,4.64
7402,5.48
7403,3.28
7404,4.32
7405,6.37
7406,3.9
7407,3.86
7408,6.16
7409,3.97
7410,7.52
7411,4.71
7412,6.43
7413,4.59
7414,4.22
7415,4.0
7416,6.55
7417,5.67
7418,4.11
7419,8.88
7420,4.2
7421,6.77
7422,5.17
7423,23.32
7424,5.03
7425,8.48
7426,7.16
7427,4.22
7428,6.31
7429,3.68
7430,5.61
7431,5.87
7432,5.68
7433,7.29
7434,5.49
7435,5.38
7436,8.92
7437,5.42
7438,7.66
7439,4.39
7440,4.8
7441,4.66
7442,5.7
7443,10.99
7444,6.42
7445,7.06
7446,5.24
7447,3.71
7448,4.18
7449,4.96
7450,5.43
7451,5.18
7452,5.23
7453,4.16
7454,3.79
7455,9.65
7456,8.25
7457,6.69
7458,8.26
7459,5.06
7460,10.16
7461,4.03
7462,4.58
7463,4.49
7464,3.73
7465,4.41
7466,5.97
7467,5.79
7468,6.13
7469,6.41
7470,5.81
7471,5.71
7472,4.23
7473,3.29
7474,5.63
7475,4.44
7476,5.99
7477,5.72
7478,3.72
7479,4.47
7480,5.47
7481,8.04
7482,3.7
7483,4.66
7484,6.34
7485,5.46
7486,3.98
7487,4.51
7488,4.7
7489,5.23
7490,4.22
7491,5.26
7492,6.3
7493,5.74
7494,4.24
7495,5.78
7496,7.08
7497,6.6
7498,4.22
7499,5.9
7500,5.27
7501,5.02
7502,4.44
7503,6.26
7504,4.58
7505,5.21
7506,5.72
7507,4.74
7508,6.81
7509,4.4
7510,7.24
7511,4.02
7512,4.18
7513,4.79
7514,6.6
7515,4.53
7516,4.74
7517,5.02
7518,8.28
7519,4.15
7520,4.77
7521,5.28
7522,4.76
7523,5.96
7524,4.51
7525,4.41
7526,3.83
7527,4.85
7528,4.93
7529,4.58
7530,5.2
7531,5.53
7532,5.44
7533,6.58
7534,11.45
7535,3.34
7536,7.52
7537,5.0
7538,11.58
7539,3.58
7540,3.61
7541,7.57
7542,4.58
7543,8.3
7544,5.76
7545,5.35
7546,3.83
7547,3.28
7548,5.42
7549,5.79
7550,3.65
7551,5.96
7552,3.21
7553,5.52
7554,3.92
7555,4.89
7556,5.39
7557,4.39
7558,14.03
7559,4.3
7560,4.96
7561,8.0
7562,7.06
7563,5.25
7564,5.63
7565,6.0
7566,4.51
7567,5.2
7568,4.82
7569,4.73
7570,5.43
7571,3.61
7572,16.78
7573,5.08
7574,6.13
7575,8.65
7576,5.13
7577,5.68
7578,11.36
7579,5.22
7580,11.37
7581,6.06
7582,6.53
7583,7.8
7584,4.79
7585,3.15
7586,5.74
7587,4.72
7588,5.17
7589,5.05
7590,3.7
7591,4.57
7592,5.18
7593,9.01
7594,4.88
7595,10.59
7596,6.16
7597,6.32
7598,6.8
7599,5.12
7600,5.72
7601,5.61
7602,5.86
7603,6.05
7604,5.4
7605,3.52
7606,7.14
7607,6.94
7608,4.57
7609,5.48
7610,4.87
7611,4.79
7612,4.52
7613,5.75
7614,3.65
7615,3.51
7616,4.42
7617,5.57
7618,5.1
7619,8.17
7620,4.25
7621,3.63
7622,7.43
7623,3.44
7624,5.43
7625,10.29
7626,3.97
7627,4.53
7628,6.72
7629,11.32
7630,5.87
7631,3.71
7632,7.18
7633,6.06
7634,5.08
7635,15.0
7636,6.47
7637,3.88
7638,5.02
7639,4.57
7640,6.49
7641,5.01
7642,3.98
7643,9.77
7644,4.77
7645,4.42
7646,4.15
7647,3.69
7648,4.22
7649,4.34
7650,5.08
7651,4.43
7652,8.18
7653,6.08
7654,3.95
7655,4.61
7656,6.55
7657,5.42
7658,3.85
7659,5.73
7660,5.14
7661,7.23
7662,4.95
7663,4.71
7664,4.57
7665,4.63
7666,3.68
7667,4.65
7668,3.32
7669,3.8
7670,5.32
7671,4.12
7672,4.77
7673,4.99
7674,4.21
7675,5.15
7676,5.55
7677,10.97
7678,10.58
7679,4.29
7680,8.34
7681,3.84
7682,18.08
7683,7.2
7684,3.87
7685,10.19
7686,5.02
7687,4.1
7688,8.87
7689,4.7
7690,4.54
7691,5.25
7692,4.69
7693,4.14
7694,4.67
7695,5.01
7696,4.79
7697,5.47
7698,6.04
7699,5.03
7700,4.4
7701,8.53
7702,6.07
7703,9.59
7704,7.77
7705,5.12
7706,4.47
7707,7.36
7708,6.49
7709,5.88
7710,3.36
7711,5.24
7712,4.66
7713,3.3
7714,6.89
7715,4.39
7716,5.11
7717,4.79
7718,3.82
7719,4.92
7720,11.96
7721,5.62
7722,12.36
7723,4.44
7724,18.73
7725,4.08
7726,5.86
7727,6.14
7728,4.04
7729,6.26
7730,5.05
7731,5.54
7732,4.05
7733,5.58
7734,4.72
7735,5.95
7736,5.39
7737,3.93
7738,5.32
7739,4.24
7740,4.01
7741,4.03
7742,5.67
7743,4.53
7744,3.7
7745,3.91
7746,4.45
7747,5.61
7748,7.66
7749,4.45
7750,4.19
7751,3.57
7752,4.81
7753,4.83
7754,5.69
7755,4.55
7756,5.51
7757,7.34
7758,6.86
7759,4.88
7760,5.28
7761,9.4
7762,3.52
7763,3.88
7764,5.01
7765,5.48
7766,5.37
7767,5.45
7768,4.01
7769,4.35
7770,3.24
7771,7.25
7772,6.79
7773,5.5
7774,3.84
7775,3.43
7776,9.45
7777,4.98
7778,4.34
7779,7.05
7780,4.81
7781,9.53
7782,5.75
7783,5.45
7784,5.84
7785,3.6
7786,4.75
7787,6.22
7788,6.4
7789,13.1
7790,8.13
7791,5.52
7792,5.17
7793,5.37
7794,7.79
7795,5.45
7796,5.35
7797,5.4
7798,3.76
7799,6.24
7800,3.63
7801,4.17
7802,4.33
7803,9.28
7804,6.66
7805,10.71
7806,5.23
7807,5.88
7808,5.73
7809,7.4
7810,6.59
7811,5.88
7812,5.18
7813,10.46
7814,6.44
7815,8.83
7816,5.8
7817,5.28
7818,4.23
7819,4.15
7820,10.76
7821,4.43
7822,10.5
7823,7.13
7824,5.13
7825,3.96
7826,11.02
7827,5.94
7828,6.02
7829,5.63
7830,4.9
7831,6.71
7832,5.75
7833,3.39
7834,7.02
7835,11.54
7836,6.88
7837,5.98
7838,4.69
7839,3.39
7840,4.11
7841,4.15
7842,6.52
7843,6.01
7844,5.87
7845,4.27
7846,3.83
7847,6.99
7848,3.52
7849,5.37
7850,5.19
7851,4.06
7852,4.15
7853,4.05
7854,5.33
7855,4.05
7856,5.68
7857,4.78
7858,4.58
7859,3.87
7860,7.7
7861,4.38
7862,6.43
7863,4.26
7864,3.94
7865,4.85
7866,5.77
7867,5.76
7868,4.57
7869,4.25
7870,7.33
7871,3.73
7872,3.53
7873,4.73
7874,11.66
7875,3.38
7876,5.27
7877,3.81
7878,7.65
7879,4.75
7880,3.75
7881,12.48
7882,12.18
7883,6.67
7884,5.29
7885,4.83
7886,3.42
7887,5.33
7888,5.71
7889,5.45
7890,5.05
7891,5.29
7892,4.48
7893,3.31
7894,5.12
7895,5.47
7896,6.35
7897,4.9
7898,4.07
7899,5.24
7900,8.93
7901,5.04
7902,3.73
7903,5.33
7904,4.77
7905,3.83
7906,5.05
7907,5.0
7908,4.98
7909,7.1
7910,4.81
7911,4.22
7912,52.15
7913,6.49
7914,3.96
7915,6.14
7916,4.9
7917,5.54
7918,4.46
7919,4.38
